Comp_ID,N_shift,H_shift
TYR,119.4,7.91
TYR,120.2,9.09
TYR,119.4,5.47
TYR,121.2,6.81
TYR,116.6,6.81
TYR,127.0,9.25
TYR,121.2,5.58
TYR,124.5,6.72
TYR,117.12,6.72
TYR,117.83,8.42
TYR,120.78,5.67
TYR,111.64,3.03
TYR,119.87,2.77
TYR,120.909,8.56
TYR,128.807,6.65
TYR,119.301,6.65
TYR,118.62,9.86
TYR,121.962,4.66
TYR,117.997,9.4993
TYR,119.034,9.001
TYR,121.693,7.5536
TYR,119.526,8.4675
TYR,124.354,7.6421
TYR,127.532,8.2022
TYR,115.018,7.1704
TYR,0.0,8.243
TYR,0.0,4.917
TYR,0.0,3.035
TYR,0.0,3.009
TYR,0.0,8.737
TYR,0.0,4.178
TYR,0.0,3.122
TYR,0.0,2.647
TYR,0.0,7.813
TYR,0.0,4.673
TYR,0.0,2.665
TYR,0.0,2.381
TYR,0.0,8.664
TYR,0.0,5.345
TYR,0.0,3.303
TYR,0.0,2.966
TYR,0.0,7.028
TYR,0.0,4.358
TYR,0.0,2.975
TYR,0.0,2.573
TYR,0.0,7.497
TYR,0.0,4.067
TYR,0.0,2.916
TYR,0.0,2.602
TYR,0.0,8.825
TYR,0.0,4.539
TYR,0.0,2.925
TYR,0.0,2.936
TYR,0.0,7.777
TYR,0.0,4.599
TYR,0.0,3.063
TYR,0.0,2.654
TYR,0.0,8.722
TYR,0.0,4.32
TYR,0.0,2.617
TYR,0.0,2.617
TYR,0.0,7.004
TYR,0.0,7.004
TYR,0.0,6.86
TYR,0.0,6.86
TYR,0.0,7.972
TYR,0.0,4.88
TYR,0.0,2.604
TYR,0.0,2.388
TYR,0.0,7.083
TYR,0.0,7.083
TYR,0.0,6.955
TYR,0.0,6.955
TYR,0.0,9.463
TYR,0.0,5.731
TYR,0.0,2.531
TYR,0.0,2.25
TYR,0.0,6.65
TYR,0.0,6.65
TYR,0.0,6.826
TYR,0.0,6.826
TYR,0.0,9.142
TYR,0.0,6.157
TYR,0.0,2.664
TYR,0.0,2.437
TYR,0.0,6.536
TYR,0.0,6.536
TYR,0.0,6.431
TYR,0.0,6.431
PHE,121.8,7.99
PHE,126.0,9.01
PHE,122.5,4.83
PHE,124.6,3.15
PHE,122.5,2.88
PHE,127.11,8.64
PHE,123.88,5.02
PHE,117.12,3.08
PHE,127.32,2.62
PHE,112.34,8.81
PHE,111.22,4.87
PHE,117.27,8.87
PHE,121.995,4.89
PHE,128.1,9.175
PHE,123.262,9.0571
PHE,133.232,9.3224
PHE,124.745,8.9686
PHE,122.16,7.6716
PHE,0.0,8.3496
PHE,0.0,8.6444
PHE,0.0,8.696
PHE,0.0,5.068
PHE,0.0,2.109
PHE,0.0,2.109
PHE,0.0,8.842
PHE,0.0,5.622
PHE,0.0,3.497
PHE,0.0,2.385
PHE,0.0,8.194
PHE,0.0,4.209
PHE,0.0,3.386
PHE,0.0,3.244
PHE,0.0,7.251
PHE,0.0,7.251
PHE,0.0,6.878
PHE,0.0,6.878
PHE,0.0,9.591
PHE,0.0,4.946
PHE,0.0,3.584
PHE,0.0,3.177
PHE,0.0,7.445
PHE,0.0,7.445
PHE,0.0,7.311
PHE,0.0,7.311
PHE,0.0,9.038
PHE,0.0,5.546
PHE,0.0,3.235
PHE,0.0,2.821
PHE,0.0,7.28
PHE,0.0,7.28
PHE,0.0,6.804
PHE,0.0,6.804
PHE,0.0,9.317
PHE,0.0,4.149
PHE,0.0,3.438
PHE,0.0,3.023
PHE,0.0,6.984
PHE,0.0,6.984
PHE,0.0,6.562
PHE,0.0,6.562
PHE,0.0,6.747
HIS,119.9,8.19
HIS,124.86,9.3519
HIS,121.84,9.116
HIS,120.85,6.9641
HIS,117.539,4.498
HIS,118.877,2.982
HIS,120.324,2.982
HIS,117.239,7.862
HIS,0.0,4.134
HIS,0.0,3.115
HIS,0.0,2.654
HIS,0.0,7.817
HIS,0.0,4.84
HIS,0.0,3.443
HIS,0.0,2.786
HIS,0.0,8.179
HIS,0.0,4.361
HIS,0.0,3.146
HIS,0.0,3.146
HIS,0.0,7.1
HIS,0.0,6.154
HIS,0.0,9.243
HIS,0.0,5.415
HIS,0.0,2.865
HIS,0.0,2.683
HIS,0.0,6.767
ALA,127.4,8.21
ALA,121.9,4.31
ALA,123.7,1.31
ALA,122.6,1.31
ALA,121.4,1.31
ALA,125.3,7.74
ALA,114.5,5.04
ALA,120.5,1.12
ALA,117.8,1.12
ALA,117.8,1.12
ALA,125.7,8.91
ALA,124.29,5.42
ALA,126.49,1.28
ALA,126.73,1.28
ALA,121.91,1.28
ALA,120.341,7.26
ALA,124.946,4.47
ALA,126.14,1.4
ALA,118.33,1.4
ALA,121.465,1.4
ALA,120.574,8.32
ALA,119.724,4.84
ALA,122.83,1.22
ALA,124.01,1.22
ALA,121.239,1.22
ALA,0.0,9.58
ALA,0.0,5.39
ALA,0.0,1.47
ALA,0.0,1.47
ALA,0.0,1.47
ALA,0.0,7.44
ALA,0.0,5.18
ALA,0.0,1.22
ALA,0.0,1.22
ALA,0.0,1.22
ALA,0.0,8.99
ALA,0.0,5.11
ALA,0.0,1.22
ALA,0.0,1.22
ALA,0.0,1.22
ALA,0.0,7.87
ALA,0.0,4.15
ALA,0.0,1.43
ALA,0.0,1.43
ALA,0.0,1.43
ALA,0.0,7.59
ALA,0.0,4.35
ALA,0.0,1.49
ALA,0.0,1.49
ALA,0.0,1.49
ALA,0.0,8.1137
ALA,0.0,7.91
ALA,0.0,8.4603
ALA,0.0,8.412
ALA,0.0,8.2317
ALA,0.0,7.903
ALA,0.0,4.047
ALA,0.0,1.299
ALA,0.0,1.299
ALA,0.0,1.299
ALA,0.0,9.212
ALA,0.0,3.695
ALA,0.0,1.464
ALA,0.0,1.464
ALA,0.0,1.464
ALA,0.0,4.032
ALA,0.0,1.353
ALA,0.0,1.353
ALA,0.0,1.353
ALA,0.0,7.316
ALA,0.0,3.852
ALA,0.0,0.586
ALA,0.0,0.586
ALA,0.0,0.586
ALA,0.0,8.086
ALA,0.0,3.858
ALA,0.0,1.354
ALA,0.0,1.354
ALA,0.0,1.354
ALA,0.0,8.483
ALA,0.0,4.271
ALA,0.0,1.356
ALA,0.0,1.356
ALA,0.0,1.356
ALA,0.0,8.604
ALA,0.0,3.85
ALA,0.0,1.153
ALA,0.0,1.153
ALA,0.0,1.153
ALA,0.0,7.935
ALA,0.0,5.051
ALA,0.0,0.998
ALA,0.0,0.998
ALA,0.0,0.998
ALA,0.0,7.796
ALA,0.0,4.208
ALA,0.0,1.38
ALA,0.0,1.38
ALA,0.0,1.38
ALA,0.0,7.431
ALA,0.0,3.651
ALA,0.0,1.206
ALA,0.0,1.206
ALA,0.0,1.206
ALA,0.0,7.674
ALA,0.0,4.18
ALA,0.0,1.595
ALA,0.0,1.595
ALA,0.0,1.595
LEU,121.7,8.21
LEU,120.8,4.49
LEU,123.2,8.59
LEU,120.2,4.95
LEU,122.1,1.54
LEU,119.4,1.35
LEU,116.9,0.71
LEU,121.4,0.71
LEU,124.7,0.71
LEU,122.1,0.71
LEU,124.6,0.71
LEU,123.59,0.71
LEU,115.86,8.68
LEU,124.58,4.52
LEU,130.06,1.47
LEU,121.91,1.33
LEU,123.95,9.46
LEU,129.92,5.61
LEU,115.58,1.48
LEU,128.24,1.34
LEU,131.54,0.58
LEU,127.6,0.71
LEU,131.65,0.71
LEU,120.08,0.71
LEU,130.63,0.71
LEU,119.3,0.71
LEU,118.145,0.71
LEU,124.476,9.54
LEU,124.4,5.69
LEU,121.225,1.8
LEU,120.176,1.5
LEU,122.16,8.45
LEU,131.448,7.64
LEU,114.993,3.57
LEU,118.62,7.32
LEU,124.136,8.73
LEU,118.763,5.15
LEU,120.781,7.67
LEU,118.409,8.29
LEU,115.374,4.45
LEU,122.853,1.62
LEU,124.56,1.62
LEU,124.595,8.0843
LEU,116.975,7.4062
LEU,0.0,7.701
LEU,0.0,8.7576
LEU,0.0,7.4947
LEU,0.0,7.9369
LEU,0.0,9.4108
LEU,0.0,7.1115
LEU,0.0,8.8507
LEU,0.0,9.2929
LEU,0.0,8.0253
LEU,0.0,8.8501
LEU,0.0,7.2883
LEU,0.0,8.5265
LEU,0.0,8.519
LEU,0.0,4.039
LEU,0.0,1.74
LEU,0.0,1.649
LEU,0.0,1.646
LEU,0.0,1.032
LEU,0.0,1.032
LEU,0.0,1.032
LEU,0.0,0.992
LEU,0.0,0.992
LEU,0.0,0.992
LEU,0.0,8.74
LEU,0.0,4.026
LEU,0.0,1.883
LEU,0.0,1.607
LEU,0.0,1.911
LEU,0.0,0.843
LEU,0.0,0.843
LEU,0.0,0.843
LEU,0.0,1.198
LEU,0.0,1.198
LEU,0.0,1.198
LEU,0.0,8.232
LEU,0.0,4.132
LEU,0.0,1.431
LEU,0.0,1.642
LEU,0.0,0.968
LEU,0.0,0.605
LEU,0.0,0.605
LEU,0.0,0.605
LEU,0.0,0.571
LEU,0.0,0.571
LEU,0.0,0.571
LEU,0.0,8.19
LEU,0.0,3.822
LEU,0.0,1.511
LEU,0.0,1.205
LEU,0.0,1.091
LEU,0.0,-0.001
LEU,0.0,-0.001
LEU,0.0,-0.001
LEU,0.0,0.339
LEU,0.0,0.339
LEU,0.0,0.339
LEU,0.0,8.375
LEU,0.0,3.696
LEU,0.0,1.566
LEU,0.0,1.045
LEU,0.0,1.422
LEU,0.0,0.422
LEU,0.0,0.422
LEU,0.0,0.422
LEU,0.0,0.17
LEU,0.0,0.17
LEU,0.0,0.17
LEU,0.0,7.924
LEU,0.0,3.959
LEU,0.0,1.822
LEU,0.0,1.328
LEU,0.0,1.672
LEU,0.0,0.571
LEU,0.0,0.571
LEU,0.0,0.571
LEU,0.0,0.79
LEU,0.0,0.79
LEU,0.0,0.79
LEU,0.0,8.305
LEU,0.0,5.725
LEU,0.0,1.639
LEU,0.0,1.141
LEU,0.0,1.97
LEU,0.0,0.71
LEU,0.0,0.71
LEU,0.0,0.71
LEU,0.0,0.778
LEU,0.0,0.778
LEU,0.0,0.778
LEU,0.0,8.332
LEU,0.0,3.842
LEU,0.0,1.572
LEU,0.0,0.685
LEU,0.0,1.647
LEU,0.0,0.679
LEU,0.0,0.679
LEU,0.0,0.679
LEU,0.0,0.688
LEU,0.0,0.688
LEU,0.0,0.688
LEU,0.0,6.862
LEU,0.0,4.708
LEU,0.0,1.824
LEU,0.0,1.507
LEU,0.0,1.74
LEU,0.0,0.895
LEU,0.0,0.895
LEU,0.0,0.895
LEU,0.0,0.775
LEU,0.0,0.775
LEU,0.0,0.775
LEU,0.0,8.647
LEU,0.0,3.754
LEU,0.0,1.85
LEU,0.0,1.408
LEU,0.0,1.747
LEU,0.0,0.894
LEU,0.0,0.894
LEU,0.0,0.894
LEU,0.0,0.56
LEU,0.0,0.56
LEU,0.0,0.56
LEU,0.0,7.6
LEU,0.0,4.396
LEU,0.0,1.719
LEU,0.0,1.69
LEU,0.0,1.569
LEU,0.0,0.759
LEU,0.0,0.759
LEU,0.0,0.759
LEU,0.0,0.812
LEU,0.0,0.812
LEU,0.0,0.812
LEU,0.0,7.958
LEU,0.0,3.777
LEU,0.0,1.444
LEU,0.0,1.473
LEU,0.0,1.352
LEU,0.0,0.709
LEU,0.0,0.709
LEU,0.0,0.709
LEU,0.0,0.604
LEU,0.0,0.604
LEU,0.0,0.604
LEU,0.0,7.158
LEU,0.0,4.058
LEU,0.0,1.435
LEU,0.0,1.643
LEU,0.0,1.625
LEU,0.0,0.804
LEU,0.0,0.804
LEU,0.0,0.804
LEU,0.0,0.778
LEU,0.0,0.778
LEU,0.0,0.778
LEU,0.0,7.889
LEU,0.0,3.964
LEU,0.0,0.634
LEU,0.0,0.587
LEU,0.0,1.143
LEU,0.0,0.45
LEU,0.0,0.45
LEU,0.0,0.45
LEU,0.0,0.465
LEU,0.0,0.465
LEU,0.0,0.465
LEU,0.0,7.332
LEU,0.0,5.189
LEU,0.0,1.448
LEU,0.0,1.008
LEU,0.0,0.12
LEU,0.0,-0.112
LEU,0.0,-0.112
LEU,0.0,-0.112
LEU,0.0,0.323
LEU,0.0,0.323
LEU,0.0,0.323
LEU,0.0,9.133
LEU,0.0,5.011
LEU,0.0,1.812
LEU,0.0,1.391
LEU,0.0,1.549
LEU,0.0,0.865
LEU,0.0,0.865
LEU,0.0,0.865
LEU,0.0,0.974
LEU,0.0,0.974
LEU,0.0,0.974
LEU,0.0,8.685
LEU,0.0,3.67
LEU,0.0,1.668
LEU,0.0,0.964
LEU,0.0,0.925
LEU,0.0,-0.075
LEU,0.0,-0.075
LEU,0.0,-0.075
LEU,0.0,0.481
LEU,0.0,0.481
LEU,0.0,0.481
LEU,0.0,7.87
LEU,0.0,4.036
LEU,0.0,1.652
LEU,0.0,1.561
LEU,0.0,1.546
LEU,0.0,0.659
LEU,0.0,0.659
LEU,0.0,0.659
LEU,0.0,0.809
LEU,0.0,0.809
LEU,0.0,0.809
LEU,0.0,7.693
LEU,0.0,3.988
LEU,0.0,1.443
LEU,0.0,1.368
LEU,0.0,1.346
LEU,0.0,0.099
LEU,0.0,0.099
LEU,0.0,0.099
LEU,0.0,-0.733
LEU,0.0,-0.733
LEU,0.0,-0.733
ARG,122.7,8.23
ARG,120.6,4.42
ARG,120.8,8.21
ARG,125.1,1.58
ARG,123.0,1.27
ARG,124.66,2.4
ARG,126.48,2.24
ARG,122.89,8.23
ARG,128.8,4.91
ARG,122.53,1.5
ARG,124.86,1.5
ARG,124.94,2.97
ARG,118.123,2.88
ARG,115.336,8.6
ARG,115.966,4.48
ARG,119.655,8.23
ARG,115.017,1.84
ARG,119.138,1.76
ARG,124.763,8.5542
ARG,0.0,8.8507
ARG,0.0,8.6444
ARG,0.0,9.3224
ARG,0.0,7.83
ARG,0.0,8.5854
ARG,0.0,8.4133
ARG,0.0,8.159
ARG,0.0,3.78
ARG,0.0,1.784
ARG,0.0,1.784
ARG,0.0,1.277
ARG,0.0,1.277
ARG,0.0,3.097
ARG,0.0,3.097
ARG,0.0,7.862
ARG,0.0,3.904
ARG,0.0,2.026
ARG,0.0,1.952
ARG,0.0,1.372
ARG,0.0,1.274
ARG,0.0,3.055
ARG,0.0,3.084
ARG,0.0,7.488
ARG,0.0,4.031
ARG,0.0,1.776
ARG,0.0,1.796
ARG,0.0,1.534
ARG,0.0,1.534
ARG,0.0,3.096
ARG,0.0,3.096
ARG,0.0,8.757
ARG,0.0,4.4
ARG,0.0,1.379
ARG,0.0,1.067
ARG,0.0,1.507
ARG,0.0,1.507
ARG,0.0,2.795
ARG,0.0,2.795
ARG,0.0,7.546
ARG,0.0,3.646
ARG,0.0,1.781
ARG,0.0,1.797
ARG,0.0,1.64
ARG,0.0,1.64
ARG,0.0,2.956
ARG,0.0,2.941
ARG,0.0,7.619
ARG,0.0,4.058
ARG,0.0,1.887
ARG,0.0,1.842
ARG,0.0,1.677
ARG,0.0,1.665
ARG,0.0,3.161
ARG,0.0,3.161
ARG,0.0,8.374
ARG,0.0,4.003
ARG,0.0,0.258
ARG,0.0,-0.217
ARG,0.0,1.054
ARG,0.0,0.628
ARG,0.0,1.584
ARG,0.0,2.219
GLN,114.4,8.18
GLN,119.5,5.74
GLN,125.1,1.69
GLN,120.29,1.69
GLN,126.34,1.78
GLN,118.6,1.7
GLN,115.58,8.48
GLN,117.41,3.33
GLN,118.81,7.91
GLN,116.792,4.15
GLN,124.513,2.04
GLN,119.789,1.87
GLN,112.185,2.24
GLN,112.66,2.24
GLN,0.0,8.4085
GLN,0.0,9.0866
GLN,0.0,8.9097
GLN,0.0,9.2929
GLN,0.0,8.3791
GLN,0.0,7.7305
GLN,0.0,8.507
GLN,0.0,3.808
GLN,0.0,2.091
GLN,0.0,1.864
GLN,0.0,2.33
GLN,0.0,2.032
GLN,0.0,6.666
GLN,0.0,4.248
GLN,0.0,1.904
GLN,0.0,1.749
GLN,0.0,1.941
GLN,0.0,2.014
GLN,0.0,7.524
GLN,0.0,4.105
GLN,0.0,1.809
GLN,0.0,1.888
GLN,0.0,2.226
GLN,0.0,2.226
GLN,0.0,7.529
GLN,0.0,6.85
GLN,0.0,4.061
GLN,0.0,1.988
GLN,0.0,1.988
GLN,0.0,2.321
GLN,0.0,2.321
GLN,0.0,7.433
GLN,0.0,6.883
MET,118.3,9.04
MET,120.43,4.98
MET,113.31,7.4357
MET,117.73,8.004
MET,122.348,8.509
MET,120.527,8.222
MET,128.96,4.525
MET,125.815,1.821
MET,118.392,1.901
MET,0.0,2.39
MET,0.0,2.301
MET,0.0,8.71
MET,0.0,3.897
MET,0.0,2.315
MET,0.0,2.315
MET,0.0,2.916
MET,0.0,2.916
MET,0.0,9.077
MET,0.0,5.985
MET,0.0,1.353
MET,0.0,1.353
MET,0.0,2.214
MET,0.0,2.921
MET,0.0,8.409
MET,0.0,5.309
MET,0.0,2.381
MET,0.0,2.3
MET,0.0,2.855
MET,0.0,2.567
MET,0.0,8.516
MET,0.0,4.201
MET,0.0,2.0
MET,0.0,2.0
MET,0.0,2.593
MET,0.0,2.645
SER,119.0,8.85
SER,117.5,9.39
SER,115.02,5.04
SER,112.34,8.0253
SER,122.33,7.4652
SER,124.55,8.497
SER,111.6,9.066
SER,124.23,7.6923
SER,111.64,9.4993
SER,111.5,7.9074
SER,116.56,7.1409
SER,110.3,7.4357
SER,114.38,7.082
SER,118.52,8.0548
SER,116.14,7.734
SER,116.77,9.2045
SER,117.62,9.4698
SER,114.31,7.6126
SER,113.87,8.9686
SER,112.84,8.146
SER,115.79,7.76
SER,120.22,9.4108
SER,117.69,8.2022
SER,113.471,8.1727
SER,113.55,8.195
SER,118.028,4.853
SER,113.42,3.372
SER,112.411,3.11
SER,119.576,8.666
SER,112.822,4.212
SER,114.44,3.82
SER,117.667,3.82
SER,123.181,9.635
SER,117.198,3.708
SER,111.753,3.307
SER,118.259,3.373
SER,121.696,7.641
SER,119.697,4.092
SER,117.638,3.834
SER,114.105,3.858
SER,117.231,8.057
SER,0.0,4.357
SER,0.0,4.086
SER,0.0,3.962
SER,0.0,8.587
SER,0.0,4.893
SER,0.0,3.724
SER,0.0,2.921
SER,0.0,8.413
SER,0.0,4.008
SER,0.0,3.944
SER,0.0,4.008
SER,0.0,7.344
SER,0.0,4.949
SER,0.0,4.113
SER,0.0,3.807
SER,0.0,7.735
SER,0.0,4.43
SER,0.0,3.874
SER,0.0,3.874
SER,0.0,8.076
SER,0.0,4.18
SER,0.0,3.765
SER,0.0,3.765
SER,0.0,4.213
SER,0.0,3.856
SER,0.0,3.757
SER,0.0,8.412
SER,0.0,2.282
SER,0.0,3.427
SER,0.0,3.57
SER,0.0,7.536
SER,0.0,4.625
SER,0.0,4.166
SER,0.0,3.819
SER,0.0,9.176
SER,0.0,4.547
SER,0.0,3.815
SER,0.0,3.749
SER,0.0,6.882
SER,0.0,4.526
SER,0.0,3.294
SER,0.0,3.131
SER,0.0,8.821
SER,0.0,4.401
SER,0.0,3.722
SER,0.0,3.76
SER,0.0,8.457
SER,0.0,5.493
SER,0.0,3.571
SER,0.0,3.283
SER,0.0,8.387
SER,0.0,4.492
SER,0.0,3.795
SER,0.0,3.491
SER,0.0,7.36
SER,0.0,4.02
SER,0.0,3.949
SER,0.0,3.917
CYS,118.6,8.68
CYS,117.9,4.98
CYS,117.1,7.35
CYS,126.97,4.23
CYS,124.09,3.14
CYS,129.22,2.22
CYS,126.13,8.7
CYS,128.446,2.81
CYS,0.0,2.81
CYS,0.0,9.8825
CYS,0.0,8.7328
CYS,0.0,10.0
CYS,0.0,8.7623
CYS,0.0,8.87
CYS,0.0,3.483
CYS,0.0,2.919
CYS,0.0,2.605
GLY,107.0,8.81
GLY,106.5,8.34
GLY,108.5,4.07
GLY,106.3,3.86
GLY,107.9,7.68
GLY,109.2,4.16
GLY,113.8,3.9
GLY,109.88,7.94
GLY,108.97,4.14
GLY,108.9,3.9
GLY,111.78,7.82
GLY,112.13,4.32
GLY,109.11,4.0
GLY,112.91,7.7
GLY,107.77,4.66
GLY,113.04,3.93
GLY,115.58,9.09
GLY,110.052,4.14
GLY,111.907,3.65
GLY,117.132,8.2317
GLY,106.018,7.9074
GLY,106.421,7.5242
GLY,108.067,7.7305
GLY,104.421,8.0253
GLY,107.058,8.6739
GLY,105.163,8.3201
GLY,120.105,7.701
GLY,104.237,10.796
GLY,0.0,7.76
GLY,0.0,7.964
GLY,0.0,3.915
GLY,0.0,3.915
GLY,0.0,4.224
GLY,0.0,3.602
GLY,0.0,8.974
GLY,0.0,2.962
GLY,0.0,4.299
GLY,0.0,8.33
GLY,0.0,3.893
GLY,0.0,2.881
GLY,0.0,8.652
GLY,0.0,3.976
GLY,0.0,3.454
GLY,0.0,7.787
GLY,0.0,4.055
GLY,0.0,3.702
GLY,0.0,7.706
GLY,0.0,3.697
GLY,0.0,3.617
GLY,0.0,8.67
GLY,0.0,4.436
GLY,0.0,3.518
GLY,0.0,8.708
GLY,0.0,4.062
GLY,0.0,3.285
GLY,0.0,7.115
GLY,0.0,4.268
GLY,0.0,3.623
GLY,0.0,9.154
GLY,0.0,3.77
GLY,0.0,3.544
GLY,0.0,9.163
GLY,0.0,4.124
GLY,0.0,3.511
THR,116.1,9.28
THR,108.3,7.23
THR,107.7,4.58
THR,118.0,7.46
THR,116.5,8.33
THR,117.1,4.34
THR,110.1,1.12
THR,115.1,1.12
THR,117.5,1.12
THR,119.0,8.42
THR,114.2,1.24
THR,109.6,1.24
THR,115.37,1.24
THR,120.01,8.33
THR,107.84,4.67
THR,123.24,4.39
THR,118.67,1.16
THR,107.63,1.16
THR,123.03,1.16
THR,113.64,7.96
THR,119.94,4.42
THR,112.76,1.08
THR,121.7,1.08
THR,110.09,1.08
THR,124.37,8.45
THR,119.23,9.41
THR,122.45,4.84
THR,118.825,3.9
THR,105.44,8.55
THR,117.654,7.52
THR,119.126,5.1
THR,111.973,1.18
THR,119.572,1.18
THR,118.019,1.18
THR,118.237,7.82
THR,117.741,4.41
THR,117.422,8.1137
THR,117.994,7.76
THR,123.162,7.023
THR,113.202,8.7033
THR,108.259,8.4085
THR,114.502,7.761
THR,117.913,9.175
THR,111.932,8.192
THR,119.039,7.5831
THR,126.845,9.0571
THR,116.432,8.4675
THR,114.97,8.6444
THR,0.0,8.8802
THR,0.0,7.1704
THR,0.0,8.4746
THR,0.0,7.915
THR,0.0,5.071
THR,0.0,3.976
THR,0.0,1.073
THR,0.0,1.073
THR,0.0,1.073
THR,0.0,7.761
THR,0.0,4.072
THR,0.0,3.967
THR,0.0,0.706
THR,0.0,0.706
THR,0.0,0.706
THR,0.0,7.872
THR,0.0,4.297
THR,0.0,4.266
THR,0.0,1.273
THR,0.0,1.273
THR,0.0,1.273
THR,0.0,7.252
THR,0.0,3.798
THR,0.0,4.29
THR,0.0,1.053
THR,0.0,1.053
THR,0.0,1.053
THR,0.0,8.736
THR,0.0,5.018
THR,0.0,4.432
THR,0.0,1.142
THR,0.0,1.142
THR,0.0,1.142
THR,0.0,7.619
THR,0.0,4.301
THR,0.0,4.328
THR,0.0,1.355
THR,0.0,1.355
THR,0.0,1.355
THR,0.0,8.721
THR,0.0,4.21
THR,0.0,4.569
THR,0.0,1.363
THR,0.0,1.363
THR,0.0,1.363
THR,0.0,8.368
THR,0.0,3.772
THR,0.0,4.088
THR,0.0,1.032
THR,0.0,1.032
THR,0.0,1.032
THR,0.0,8.418
THR,0.0,4.322
THR,0.0,3.933
THR,0.0,1.11
THR,0.0,1.11
THR,0.0,1.11
THR,0.0,8.712
THR,0.0,5.114
THR,0.0,3.49
THR,0.0,0.809
THR,0.0,0.809
THR,0.0,0.809
THR,0.0,9.478
THR,0.0,3.831
THR,0.0,4.295
THR,0.0,1.365
THR,0.0,1.365
THR,0.0,1.365
THR,0.0,8.45
THR,0.0,4.394
THR,0.0,3.766
THR,0.0,0.564
THR,0.0,0.564
THR,0.0,0.564
THR,0.0,7.416
THR,0.0,3.762
THR,0.0,4.052
THR,0.0,1.105
THR,0.0,1.105
THR,0.0,1.105
THR,0.0,7.466
THR,0.0,4.245
THR,0.0,4.279
THR,0.0,1.132
THR,0.0,1.132
THR,0.0,1.132
THR,0.0,8.371
THR,0.0,3.689
THR,0.0,4.047
THR,0.0,1.071
THR,0.0,1.071
THR,0.0,1.071
THR,0.0,8.041
THR,0.0,4.977
THR,0.0,4.456
THR,0.0,1.246
THR,0.0,1.246
THR,0.0,1.246
THR,0.0,9.062
THR,0.0,4.64
THR,0.0,4.47
THR,0.0,1.065
THR,0.0,1.065
THR,0.0,1.065
THR,0.0,8.788
THR,0.0,4.636
THR,0.0,3.625
THR,0.0,0.304
THR,0.0,0.304
THR,0.0,0.304
THR,0.0,8.467
THR,0.0,4.197
THR,0.0,3.762
THR,0.0,0.922
THR,0.0,0.922
THR,0.0,0.922
THR,0.0,8.641
THR,0.0,4.248
THR,0.0,4.66
THR,0.0,1.01
THR,0.0,1.01
THR,0.0,1.01
THR,0.0,7.443
THR,0.0,3.805
THR,0.0,4.086
THR,0.0,1.117
THR,0.0,1.117
THR,0.0,1.117
ASP,122.3,8.26
ASP,119.9,4.57
ASP,123.8,2.57
ASP,116.5,2.45
ASP,118.0,8.48
ASP,123.8,4.34
ASP,114.17,2.62
ASP,116.98,2.62
ASP,117.41,8.89
ASP,121.41,4.99
ASP,126.87,2.95
ASP,121.41,2.69
ASP,117.97,7.95
ASP,118.46,4.57
ASP,118.74,2.86
ASP,121.11,2.49
ASP,129.01,7.71
ASP,118.11,4.58
ASP,126.54,3.0
ASP,127.428,2.59
ASP,120.922,8.48
ASP,116.337,2.56
ASP,120.504,2.45
ASP,126.301,6.6398
ASP,128.414,7.9074
ASP,115.714,7.2294
ASP,0.0,7.7305
ASP,0.0,8.371
ASP,0.0,7.4357
ASP,0.0,7.9074
ASP,0.0,7.1115
ASP,0.0,6.7872
ASP,0.0,8.635
ASP,0.0,9.4108
ASP,0.0,7.5536
ASP,0.0,8.683
ASP,0.0,8.768
ASP,0.0,4.996
ASP,0.0,2.986
ASP,0.0,2.036
ASP,0.0,7.782
ASP,0.0,4.303
ASP,0.0,2.751
ASP,0.0,2.579
ASP,0.0,8.231
ASP,0.0,4.364
ASP,0.0,2.474
ASP,0.0,2.57
ASP,0.0,8.911
ASP,0.0,4.552
ASP,0.0,2.668
ASP,0.0,2.557
ASP,0.0,8.743
ASP,0.0,4.537
ASP,0.0,2.739
ASP,0.0,2.644
ASP,0.0,10.129
ASP,0.0,4.403
ASP,0.0,3.008
ASP,0.0,2.689
ASP,0.0,8.515
ASP,0.0,3.86
ASP,0.0,2.337
ASP,0.0,2.41
ASN,120.2,8.54
ASN,117.7,4.86
ASN,109.6,2.72
ASN,125.2,2.61
ASN,118.1,8.93
ASN,121.06,5.18
ASN,131.19,2.77
ASN,108.83,2.77
ASN,109.8,7.33
ASN,123.95,6.71
ASN,120.01,8.85
ASN,116.63,4.57
ASN,125.28,8.1727
ASN,121.13,8.3791
ASN,127.11,9.6467
ASN,125.14,9.175
ASN,120.978,6.888
ASN,117.722,8.8212
ASN,120.706,7.9439
ASN,111.617,8.5854
ASN,122.137,8.2317
ASN,116.038,8.6149
ASN,114.703,8.1137
ASN,113.584,8.6149
ASN,117.743,9.327
ASN,112.815,4.634
ASN,0.0,3.225
ASN,0.0,2.88
ASN,0.0,7.726
ASN,0.0,4.315
ASN,0.0,2.885
ASN,0.0,2.796
ASN,0.0,8.847
ASN,0.0,4.529
ASN,0.0,3.038
ASN,0.0,2.638
ASN,0.0,7.569
ASN,0.0,4.209
ASN,0.0,3.18
ASN,0.0,2.226
ASN,0.0,9.243
ASN,0.0,4.91
ASN,0.0,2.937
ASN,0.0,2.869
ASN,0.0,8.361
ASN,0.0,4.267
ASN,0.0,2.648
ASN,0.0,2.725
ASN,0.0,9.021
ASN,0.0,4.273
ASN,0.0,2.769
ASN,0.0,2.712
ASN,0.0,7.588
ASN,0.0,6.87
ASN,0.0,7.618
ASN,0.0,4.405
ASN,0.0,2.822
ASN,0.0,2.597
ASN,0.0,7.867
ASN,0.0,7.002
VAL,126.4,8.08
VAL,122.5,3.8
VAL,126.8,1.36
VAL,120.9,0.6
VAL,121.2,0.6
VAL,113.26,0.6
VAL,121.48,0.06
VAL,125.84,0.06
VAL,128.31,0.06
VAL,121.84,8.45
VAL,119.66,4.47
VAL,123.17,1.82
VAL,122.12,0.78
VAL,123.52,0.78
VAL,119.94,0.78
VAL,127.04,0.78
VAL,126.83,0.78
VAL,127.95,0.78
VAL,125.28,8.53
VAL,121.48,4.15
VAL,112.06,1.83
VAL,128.74,0.82
VAL,120.22,0.82
VAL,128.94,0.82
VAL,126.71,0.49
VAL,125.7,0.49
VAL,121.83,0.49
VAL,126.122,7.9
VAL,124.265,4.26
VAL,119.535,2.07
VAL,119.744,0.84
VAL,131.502,0.84
VAL,121.251,0.84
VAL,120.669,0.84
VAL,127.148,0.84
VAL,112.327,0.84
VAL,128.645,7.6662
VAL,119.312,6.9935
VAL,121.085,7.9958
VAL,123.254,9.4403
VAL,123.921,9.5582
VAL,0.0,8.9686
VAL,0.0,7.9074
VAL,0.0,7.9074
VAL,0.0,8.8212
VAL,0.0,7.7895
VAL,0.0,7.9958
VAL,0.0,9.3519
VAL,0.0,8.9686
VAL,0.0,9.2045
VAL,0.0,8.0548
VAL,0.0,7.5242
VAL,0.0,8.7328
VAL,0.0,8.378
VAL,0.0,8.8507
VAL,0.0,8.3834
VAL,0.0,8.621
VAL,0.0,8.8802
VAL,0.0,9.071
VAL,0.0,4.194
VAL,0.0,0.891
VAL,0.0,0.043
VAL,0.0,0.043
VAL,0.0,0.043
VAL,0.0,-1.016
VAL,0.0,-1.016
VAL,0.0,-1.016
VAL,0.0,9.349
VAL,0.0,4.137
VAL,0.0,1.695
VAL,0.0,0.875
VAL,0.0,0.875
VAL,0.0,0.875
VAL,0.0,0.683
VAL,0.0,0.683
VAL,0.0,0.683
VAL,0.0,8.787
VAL,0.0,3.598
VAL,0.0,1.939
VAL,0.0,0.642
VAL,0.0,0.642
VAL,0.0,0.642
VAL,0.0,0.661
VAL,0.0,0.661
VAL,0.0,0.661
VAL,0.0,7.534
VAL,0.0,3.225
VAL,0.0,1.802
VAL,0.0,0.83
VAL,0.0,0.83
VAL,0.0,0.83
VAL,0.0,0.669
VAL,0.0,0.669
VAL,0.0,0.669
VAL,0.0,8.438
VAL,0.0,4.742
VAL,0.0,1.935
VAL,0.0,0.831
VAL,0.0,0.831
VAL,0.0,0.831
VAL,0.0,0.794
VAL,0.0,0.794
VAL,0.0,0.794
VAL,0.0,9.2
VAL,0.0,4.123
VAL,0.0,2.238
VAL,0.0,1.192
VAL,0.0,1.192
VAL,0.0,1.192
VAL,0.0,1.107
VAL,0.0,1.107
VAL,0.0,1.107
VAL,0.0,8.413
VAL,0.0,2.785
VAL,0.0,0.663
VAL,0.0,0.018
VAL,0.0,0.018
VAL,0.0,0.018
VAL,0.0,-0.048
VAL,0.0,-0.048
VAL,0.0,-0.048
VAL,0.0,8.323
VAL,0.0,5.006
VAL,0.0,1.914
VAL,0.0,1.053
VAL,0.0,1.053
VAL,0.0,1.053
VAL,0.0,0.979
VAL,0.0,0.979
VAL,0.0,0.979
VAL,0.0,8.767
VAL,0.0,3.072
VAL,0.0,2.452
VAL,0.0,0.714
VAL,0.0,0.714
VAL,0.0,0.714
VAL,0.0,0.039
VAL,0.0,0.039
VAL,0.0,0.039
VAL,0.0,6.771
VAL,0.0,4.538
VAL,0.0,2.151
VAL,0.0,0.991
VAL,0.0,0.991
VAL,0.0,0.991
VAL,0.0,0.779
VAL,0.0,0.779
VAL,0.0,0.779
VAL,0.0,8.489
VAL,0.0,4.736
VAL,0.0,1.695
VAL,0.0,0.595
VAL,0.0,0.595
VAL,0.0,0.595
VAL,0.0,0.255
VAL,0.0,0.255
VAL,0.0,0.255
VAL,0.0,8.594
VAL,0.0,4.56
VAL,0.0,2.084
VAL,0.0,0.301
VAL,0.0,0.301
VAL,0.0,0.301
VAL,0.0,0.256
VAL,0.0,0.256
VAL,0.0,0.256
VAL,0.0,7.477
VAL,0.0,3.227
VAL,0.0,2.183
VAL,0.0,0.663
VAL,0.0,0.663
VAL,0.0,0.663
VAL,0.0,0.647
VAL,0.0,0.647
VAL,0.0,0.647
VAL,0.0,9.28
VAL,0.0,4.842
VAL,0.0,1.879
VAL,0.0,1.245
VAL,0.0,1.245
VAL,0.0,1.245
VAL,0.0,0.709
VAL,0.0,0.709
VAL,0.0,0.709
VAL,0.0,8.518
VAL,0.0,4.263
VAL,0.0,1.814
VAL,0.0,0.875
VAL,0.0,0.875
VAL,0.0,0.875
VAL,0.0,0.799
VAL,0.0,0.799
VAL,0.0,0.799
LYS,117.8,7.97
LYS,121.5,4.34
LYS,113.9,8.29
LYS,123.4,4.25
LYS,128.8,7.62
LYS,122.8,4.51
LYS,121.98,8.9
LYS,117.76,4.99
LYS,117.9,1.67
LYS,124.51,1.53
LYS,126.34,8.53
LYS,121.07,4.46
LYS,125.49,8.03
LYS,129.71,7.819
LYS,118.39,7.8813
LYS,120.29,7.1409
LYS,132.74,9.2929
LYS,120.93,8.9981
LYS,123.45,8.569
LYS,115.37,8.6149
LYS,126.55,8.2906
LYS,126.27,8.2611
LYS,128.52,8.5559
LYS,126.41,9.3519
LYS,118.177,8.428
LYS,129.501,7.1704
LYS,119.343,7.1999
LYS,120.136,8.6444
LYS,128.564,7.9369
LYS,120.644,8.2906
LYS,124.858,7.5831
LYS,125.406,7.099
LYS,119.619,3.899
LYS,120.092,1.607
LYS,116.047,0.984
LYS,0.0,1.38
LYS,0.0,1.38
LYS,0.0,1.441
LYS,0.0,1.441
LYS,0.0,2.802
LYS,0.0,2.677
LYS,0.0,8.112
LYS,0.0,3.749
LYS,0.0,1.752
LYS,0.0,1.752
LYS,0.0,1.348
LYS,0.0,1.46
LYS,0.0,1.573
LYS,0.0,1.573
LYS,0.0,2.971
LYS,0.0,2.971
LYS,0.0,7.821
LYS,0.0,3.876
LYS,0.0,1.443
LYS,0.0,1.164
LYS,0.0,0.538
LYS,0.0,0.841
LYS,0.0,1.369
LYS,0.0,1.271
LYS,0.0,2.794
LYS,0.0,2.794
LYS,0.0,7.587
LYS,0.0,4.108
LYS,0.0,1.775
LYS,0.0,1.727
LYS,0.0,1.454
LYS,0.0,1.378
LYS,0.0,1.665
LYS,0.0,1.682
LYS,0.0,2.969
LYS,0.0,2.969
LYS,0.0,7.833
LYS,0.0,4.275
LYS,0.0,1.55
LYS,0.0,1.475
LYS,0.0,1.055
LYS,0.0,1.199
LYS,0.0,1.502
LYS,0.0,1.502
LYS,0.0,2.836
LYS,0.0,2.836
LYS,0.0,8.057
LYS,0.0,4.07
LYS,0.0,1.816
LYS,0.0,1.63
LYS,0.0,1.389
LYS,0.0,1.329
LYS,0.0,1.506
LYS,0.0,1.664
LYS,0.0,2.895
LYS,0.0,2.895
LYS,0.0,9.76
LYS,0.0,4.319
LYS,0.0,1.897
LYS,0.0,1.339
LYS,0.0,0.843
LYS,0.0,0.553
LYS,0.0,1.271
LYS,0.0,1.368
LYS,0.0,2.795
LYS,0.0,2.89
LYS,0.0,8.933
LYS,0.0,3.487
LYS,0.0,1.989
LYS,0.0,1.752
LYS,0.0,0.573
LYS,0.0,0.573
LYS,0.0,1.531
LYS,0.0,1.531
LYS,0.0,2.843
LYS,0.0,2.764
LYS,0.0,9.145
LYS,0.0,5.431
LYS,0.0,1.688
LYS,0.0,1.436
LYS,0.0,1.218
LYS,0.0,1.183
LYS,0.0,1.513
LYS,0.0,1.441
LYS,0.0,2.821
LYS,0.0,2.821
LYS,0.0,8.023
LYS,0.0,4.928
LYS,0.0,2.069
LYS,0.0,1.764
LYS,0.0,1.588
LYS,0.0,1.551
LYS,0.0,1.759
LYS,0.0,1.584
LYS,0.0,3.053
LYS,0.0,2.989
LYS,0.0,7.611
LYS,0.0,3.298
LYS,0.0,1.414
LYS,0.0,1.379
LYS,0.0,0.552
LYS,0.0,0.552
LYS,0.0,0.894
LYS,0.0,0.957
LYS,0.0,1.659
LYS,0.0,2.102
TRP,117.2,7.96
TRP,128.1,5.21
TRP,123.22,2.99
TRP,118.32,2.26
TRP,120.92,6.61
TRP,124.16,10.13
TRP,125.209,7.43
TRP,127.505,8.422
TRP,121.637,7.3178
TRP,131.43,7.2294
TRP,0.0,7.6716
TRP,0.0,7.678
TRP,0.0,5.35
TRP,0.0,2.849
TRP,0.0,3.097
TRP,0.0,9.937
TRP,0.0,9.004
TRP,0.0,4.481
TRP,0.0,3.526
TRP,0.0,2.894
TRP,0.0,7.507
TRP,0.0,10.3
ILE,122.6,8.84
ILE,118.9,4.4
ILE,122.26,1.7
ILE,127.47,1.39
ILE,122.91,1.04
ILE,126.49,0.84
ILE,121.34,0.84
ILE,117.62,0.84
ILE,122.96,0.85
ILE,123.17,0.85
ILE,129.08,0.85
ILE,121.56,7.44
ILE,123.74,4.18
ILE,117.62,1.9
ILE,125.56,1.37
ILE,115.906,0.88
ILE,123.091,0.87
ILE,122.628,0.87
ILE,124.931,0.87
ILE,118.144,0.73
ILE,118.239,0.73
ILE,123.634,0.73
ILE,123.75,8.1432
ILE,126.845,8.5372
ILE,0.0,7.867
ILE,0.0,8.4603
ILE,0.0,8.7328
ILE,0.0,7.9369
ILE,0.0,8.438
ILE,0.0,9.3519
ILE,0.0,8.2611
ILE,0.0,8.6444
ILE,0.0,8.3496
ILE,0.0,9.2634
ILE,0.0,9.3519
ILE,0.0,7.08
ILE,0.0,3.764
ILE,0.0,1.805
ILE,0.0,1.121
ILE,0.0,1.681
ILE,0.0,0.953
ILE,0.0,0.953
ILE,0.0,0.953
ILE,0.0,1.036
ILE,0.0,1.036
ILE,0.0,1.036
ILE,0.0,8.092
ILE,0.0,3.535
ILE,0.0,1.904
ILE,0.0,1.013
ILE,0.0,1.829
ILE,0.0,0.819
ILE,0.0,0.819
ILE,0.0,0.819
ILE,0.0,0.554
ILE,0.0,0.554
ILE,0.0,0.554
ILE,0.0,7.785
ILE,0.0,2.506
ILE,0.0,1.871
ILE,0.0,0.699
ILE,0.0,1.156
ILE,0.0,0.81
ILE,0.0,0.81
ILE,0.0,0.81
ILE,0.0,1.026
ILE,0.0,1.026
ILE,0.0,1.026
ILE,0.0,8.193
ILE,0.0,2.984
ILE,0.0,1.328
ILE,0.0,0.529
ILE,0.0,1.031
ILE,0.0,-0.435
ILE,0.0,-0.435
ILE,0.0,-0.435
ILE,0.0,0.247
ILE,0.0,0.247
ILE,0.0,0.247
ILE,0.0,8.278
ILE,0.0,3.195
ILE,0.0,1.788
ILE,0.0,1.382
ILE,0.0,0.931
ILE,0.0,0.648
ILE,0.0,0.648
ILE,0.0,0.648
ILE,0.0,0.547
ILE,0.0,0.547
ILE,0.0,0.547
ILE,0.0,7.757
ILE,0.0,3.451
ILE,0.0,1.415
ILE,0.0,-0.406
ILE,0.0,1.41
ILE,0.0,0.486
ILE,0.0,0.486
ILE,0.0,0.486
ILE,0.0,-0.487
ILE,0.0,-0.487
ILE,0.0,-0.487
ILE,0.0,7.941
ILE,0.0,3.575
ILE,0.0,1.745
ILE,0.0,0.756
ILE,0.0,0.862
ILE,0.0,0.478
ILE,0.0,0.478
ILE,0.0,0.478
ILE,0.0,0.036
ILE,0.0,0.036
ILE,0.0,0.036
ILE,0.0,8.694
ILE,0.0,4.166
ILE,0.0,0.637
ILE,0.0,1.053
ILE,0.0,1.084
ILE,0.0,0.402
ILE,0.0,0.402
ILE,0.0,0.402
ILE,0.0,0.577
ILE,0.0,0.577
ILE,0.0,0.577
ILE,0.0,8.477
ILE,0.0,4.865
ILE,0.0,1.712
ILE,0.0,1.477
ILE,0.0,1.167
ILE,0.0,0.823
ILE,0.0,0.823
ILE,0.0,0.823
ILE,0.0,0.667
ILE,0.0,0.667
ILE,0.0,0.667
GLU,129.1,8.82
GLU,120.5,3.63
GLU,122.19,1.47
GLU,123.66,1.47
GLU,130.56,1.43
GLU,129.43,1.21
GLU,118.67,8.55
GLU,125.13,4.51
GLU,115.68,8.2906
GLU,126.4,8.6149
GLU,126.41,8.7328
GLU,118.51,9.2045
GLU,113.36,8.0253
GLU,126.97,8.3664
GLU,120.947,9.262
GLU,121.04,8.7093
GLU,116.616,7.819
GLU,116.879,8.444
GLU,117.308,7.927
GLU,119.822,8.8212
GLU,120.126,8.382
GLU,118.668,3.696
GLU,123.763,2.125
GLU,117.355,1.135
GLU,119.774,1.806
GLU,129.507,1.806
GLU,120.425,8.894
GLU,0.0,3.656
GLU,0.0,2.197
GLU,0.0,2.002
GLU,0.0,2.145
GLU,0.0,2.414
GLU,0.0,7.731
GLU,0.0,3.988
GLU,0.0,2.037
GLU,0.0,1.88
GLU,0.0,2.249
GLU,0.0,2.071
GLU,0.0,7.553
GLU,0.0,4.05
GLU,0.0,2.114
GLU,0.0,1.886
GLU,0.0,2.378
GLU,0.0,1.994
GLU,0.0,8.265
GLU,0.0,3.714
GLU,0.0,1.976
GLU,0.0,1.76
GLU,0.0,2.01
GLU,0.0,2.2
GLU,0.0,8.678
GLU,0.0,4.423
GLU,0.0,2.033
GLU,0.0,1.716
GLU,0.0,2.043
GLU,0.0,1.988
GLU,0.0,7.766
GLU,0.0,2.891
GLU,0.0,1.503
GLU,0.0,0.668
GLU,0.0,1.605
GLU,0.0,1.387
GLU,0.0,8.641
GLU,0.0,3.749
GLU,0.0,2.193
GLU,0.0,1.904
GLU,0.0,2.463
GLU,0.0,2.148
GLU,0.0,10.249
GLU,0.0,3.012
GLU,0.0,1.603
GLU,0.0,1.247
GLU,0.0,2.141
GLU,0.0,1.266
GLU,0.0,7.994
GLU,0.0,3.626
GLU,0.0,2.028
GLU,0.0,1.848
GLU,0.0,2.46
GLU,0.0,1.874
GLU,0.0,8.145
GLU,0.0,3.748
GLU,0.0,1.963
GLU,0.0,1.99
GLU,0.0,2.071
GLU,0.0,2.155
GLU,0.0,9.299
GLU,0.0,3.511
GLU,0.0,2.258
GLU,0.0,1.677
GLU,0.0,1.536
GLU,0.0,1.501
GLU,0.0,7.854
GLU,0.0,4.689
GLU,0.0,2.074
GLU,0.0,1.873
GLU,0.0,2.182
GLU,0.0,2.282
NAG,121.95,4.915
NAG,7.832,3.991
NAG,122.08,3.9568
NAG,8.042,3.9568
NAG,121.26,3.5706
NAG,7.665,2.013
NAG,0.0,4.475
NAG,0.0,3.9421
NAG,0.0,3.6537
NAG,0.0,2.9937
NAG,0.0,3.6195
NAG,0.0,1.954
NAG,0.0,4.7537
NAG,0.0,3.7955
NAG,0.0,3.7515
NAG,0.0,3.5657
NAG,0.0,3.5706
NAG,0.0,2.135
NAG,0.0,3.724
NAG,0.0,3.807
NAG,0.0,3.4093
NAG,0.0,3.3897
NAG,0.0,3.1844
NAG,0.0,3.3311
NAG,0.0,2.1138
NAG,0.0,2.022
NAG,0.0,3.2088
NAG,0.0,3.4533
MAN,0.0,3.1453
MAN,0.0,4.013
MAN,0.0,3.3653
MAN,0.0,3.5608
MAN,0.0,3.0475
MAN,0.0,3.627
MAN,0.0,3.736
MAN,0.0,5.2425
MAN,0.0,4.2648
MAN,0.0,3.937
MAN,0.0,3.6928
MAN,0.0,3.833
MAN,0.0,3.721
MAN,0.0,3.801
MAN,0.0,4.6754
MAN,0.0,3.463
MAN,0.0,3.7173
MAN,0.0,3.3653
MAN,0.0,3.4337
MAN,0.0,3.721
MAN,0.0,3.801
FUC,0.0,4.7048
FUC,0.0,3.6048
FUC,0.0,3.4142
FUC,0.0,2.6075
FUC,0.0,3.1208
PRO,0.0,5.756
PRO,0.0,2.39
PRO,0.0,2.144
PRO,0.0,1.585
PRO,0.0,1.568
PRO,0.0,4.474
PRO,0.0,3.893
PRO,0.0,3.994
PRO,0.0,1.918
PRO,0.0,1.681
PRO,0.0,1.591
PRO,0.0,1.119
PRO,0.0,3.357
PRO,0.0,3.868
PRO,0.0,4.38
PRO,0.0,1.928
PRO,0.0,2.206
PRO,0.0,1.988
PRO,0.0,1.793
PRO,0.0,3.759
PRO,0.0,3.564
PRO,0.0,4.176
PRO,0.0,2.372
PRO,0.0,1.945
PRO,0.0,2.13
PRO,0.0,1.99
PRO,0.0,3.852
PRO,0.0,3.829
PRO,0.0,4.518
PRO,0.0,2.108
PRO,0.0,1.92
PRO,0.0,1.849
PRO,0.0,1.475
PRO,0.0,3.424
PRO,0.0,3.343
