Comp_ID,Atom_ID,Atom_type,Val
TYR,H,H,7.91
TYR,N,N,119.4
PHE,H,H,7.99
PHE,N,N,121.8
HIS,H,H,8.19
HIS,N,N,119.9
ALA,H,H,8.21
ALA,HA,H,4.31
ALA,HB1,H,1.31
ALA,HB2,H,1.31
ALA,HB3,H,1.31
ALA,N,N,127.4
LEU,H,H,8.21
LEU,HA,H,4.49
LEU,N,N,121.7
ARG,H,H,8.23
ARG,HA,H,4.42
ARG,N,N,122.7
GLN,H,H,8.18
GLN,HA,H,5.74
GLN,HB2,H,1.69
GLN,HB3,H,1.69
GLN,HG2,H,1.78
GLN,HG3,H,1.7
GLN,N,N,114.4
MET,H,H,9.04
MET,HA,H,4.98
MET,N,N,118.3
SER,H,H,8.85
SER,N,N,119
CYS,H,H,8.68
CYS,HA,H,4.98
CYS,N,N,118.6
ALA,H,H,7.74
ALA,HA,H,5.04
ALA,HB1,H,1.12
ALA,HB2,H,1.12
ALA,HB3,H,1.12
ALA,N,N,121.9
ALA,H,H,8.91
ALA,HA,H,5.42
ALA,HB1,H,1.28
ALA,HB2,H,1.28
ALA,HB3,H,1.28
ALA,N,N,123.7
GLY,H,H,8.81
GLY,N,N,107
THR,H,H,9.28
THR,N,N,116.1
THR,H,H,7.23
THR,HA,H,4.58
THR,N,N,108.3
THR,H,H,7.46
THR,N,N,107.7
ALA,H,H,7.26
ALA,HA,H,4.47
ALA,HB1,H,1.4
ALA,HB2,H,1.4
ALA,HB3,H,1.4
ALA,N,N,122.6
CYS,H,H,7.35
CYS,HA,H,4.23
CYS,HB2,H,3.14
CYS,HB3,H,2.22
CYS,N,N,117.9
THR,H,H,8.33
THR,HA,H,4.34
THR,HG21,H,1.12
THR,HG22,H,1.12
THR,HG23,H,1.12
THR,N,N,118
ASP,H,H,8.26
ASP,HA,H,4.57
ASP,HB2,H,2.57
ASP,HB3,H,2.45
ASP,N,N,122.3
ASP,H,H,8.48
ASP,HA,H,4.34
ASP,HB2,H,2.62
ASP,HB3,H,2.62
ASP,N,N,119.9
ASN,H,H,8.54
ASN,HA,H,4.86
ASN,HB2,H,2.72
ASN,HB3,H,2.61
ASN,N,N,120.2
ALA,H,H,8.32
ALA,HA,H,4.84
ALA,HB1,H,1.22
ALA,HB2,H,1.22
ALA,HB3,H,1.22
ALA,N,N,121.4
LEU,H,H,8.59
LEU,HA,H,4.95
LEU,HB2,H,1.54
LEU,HB3,H,1.35
LEU,HD11,H,0.71
LEU,HD12,H,0.71
LEU,HD13,H,0.71
LEU,HD21,H,0.71
LEU,HD22,H,0.71
LEU,HD23,H,0.71
LEU,N,N,120.8
ALA,H,H,9.58
ALA,HA,H,5.39
ALA,HB1,H,1.47
ALA,HB2,H,1.47
ALA,HB3,H,1.47
ALA,N,N,125.3
TYR,H,H,9.09
TYR,HA,H,5.47
TYR,HD1,H,6.81
TYR,HD2,H,6.81
TYR,N,N,120.2
TYR,H,H,9.25
TYR,HA,H,5.58
TYR,HD1,H,6.72
TYR,HD2,H,6.72
TYR,N,N,119.4
ASN,H,H,8.93
ASN,HA,H,5.18
ASN,HB2,H,2.77
ASN,HB3,H,2.77
ASN,HD21,H,7.33
ASN,HD22,H,6.71
ASN,N,N,117.7
ASN,ND2,N,109.6
THR,H,H,8.42
THR,HG21,H,1.24
THR,HG22,H,1.24
THR,HG23,H,1.24
THR,N,N,116.5
THR,H,H,8.33
THR,HA,H,4.67
THR,HB,H,4.39
THR,HG21,H,1.16
THR,HG22,H,1.16
THR,HG23,H,1.16
THR,N,N,117.1
GLY,H,H,8.34
GLY,HA2,H,4.07
GLY,HA3,H,3.86
GLY,N,N,106.5
GLY,H,H,7.68
GLY,HA2,H,4.16
GLY,HA3,H,3.9
GLY,N,N,108.5
ARG,H,H,8.21
ARG,HB2,H,1.58
ARG,HB3,H,1.27
ARG,HD2,H,2.4
ARG,HD3,H,2.24
ARG,N,N,120.6
PHE,H,H,9.01
PHE,HA,H,4.83
PHE,HB2,H,3.15
PHE,HB3,H,2.88
PHE,N,N,126
VAL,H,H,8.08
VAL,HA,H,3.8
VAL,HB,H,1.36
VAL,HG11,H,0.6
VAL,HG12,H,0.6
VAL,HG13,H,0.6
VAL,HG21,H,0.06
VAL,HG22,H,0.06
VAL,HG23,H,0.06
VAL,N,N,126.4
LEU,H,H,8.68
LEU,HA,H,4.52
LEU,HB2,H,1.47
LEU,HB3,H,1.33
LEU,N,N,123.2
ALA,H,H,7.44
ALA,HA,H,5.18
ALA,HB1,H,1.22
ALA,HB2,H,1.22
ALA,HB3,H,1.22
ALA,N,N,114.5
LEU,H,H,9.46
LEU,HA,H,5.61
LEU,HB2,H,1.48
LEU,HB3,H,1.34
LEU,HG,H,0.58
LEU,HD11,H,0.71
LEU,HD12,H,0.71
LEU,HD13,H,0.71
LEU,HD21,H,0.71
LEU,HD22,H,0.71
LEU,HD23,H,0.71
LEU,N,N,120.2
LEU,H,H,9.54
LEU,HA,H,5.69
LEU,HB2,H,1.8
LEU,HB3,H,1.5
LEU,N,N,122.1
SER,H,H,9.39
SER,HA,H,5.04
SER,N,N,117.5
ASP,H,H,8.89
ASP,HA,H,4.99
ASP,HB2,H,2.95
ASP,HB3,H,2.69
ASP,N,N,123.8
LEU,H,H,8.45
LEU,N,N,119.4
GLN,H,H,8.48
GLN,HA,H,3.33
GLN,N,N,119.5
ASP,H,H,7.95
ASP,HA,H,4.57
ASP,HB2,H,2.86
ASP,HB3,H,2.49
ASP,N,N,116.5
LEU,H,H,7.64
LEU,HA,H,3.57
LEU,N,N,116.9
LYS,H,H,7.97
LYS,HA,H,4.34
LYS,N,N,117.8
TRP,H,H,7.96
TRP,HA,H,5.21
TRP,HB2,H,2.99
TRP,HB3,H,2.26
TRP,HD1,H,6.61
TRP,HE1,H,10.13
TRP,HZ2,H,7.43
TRP,N,N,117.2
TRP,NE1,N,128.1
ALA,H,H,8.99
ALA,HA,H,5.11
ALA,HB1,H,1.22
ALA,HB2,H,1.22
ALA,HB3,H,1.22
ALA,N,N,120.5
ARG,H,H,8.23
ARG,HA,H,4.91
ARG,HB2,H,1.5
ARG,HB3,H,1.5
ARG,HD2,H,2.97
ARG,HD3,H,2.88
ARG,N,N,120.8
PHE,H,H,8.64
PHE,HA,H,5.02
PHE,HB2,H,3.08
PHE,HB3,H,2.62
PHE,N,N,122.5
LYS,H,H,8.29
LYS,HA,H,4.25
LYS,N,N,121.5
ASP,H,H,7.71
ASP,HA,H,4.58
ASP,HB2,H,3
ASP,HB3,H,2.59
ASP,N,N,118
GLY,H,H,7.94
GLY,HA2,H,4.14
GLY,HA3,H,3.9
GLY,N,N,106.3
THR,H,H,7.96
THR,HA,H,4.42
THR,HG21,H,1.08
THR,HG22,H,1.08
THR,HG23,H,1.08
THR,N,N,110.1
GLY,H,H,7.82
GLY,HA2,H,4.32
GLY,HA3,H,4
GLY,N,N,107.9
THR,H,H,8.45
THR,N,N,115.1
ILE,H,H,8.84
ILE,HA,H,4.4
ILE,HB,H,1.7
ILE,HG12,H,1.39
ILE,HG13,H,1.04
ILE,HG21,H,0.84
ILE,HG22,H,0.84
ILE,HG23,H,0.84
ILE,HD11,H,0.85
ILE,HD12,H,0.85
ILE,HD13,H,0.85
ILE,N,N,122.6
TYR,H,H,8.42
TYR,HA,H,5.67
TYR,HB2,H,3.03
TYR,HB3,H,2.77
TYR,N,N,121.2
THR,H,H,9.41
THR,HA,H,4.84
THR,HB,H,3.9
THR,N,N,117.5
GLU,H,H,8.82
GLU,HA,H,3.63
GLU,HB2,H,1.47
GLU,HB3,H,1.47
GLU,HG2,H,1.43
GLU,HG3,H,1.21
GLU,N,N,129.1
LEU,H,H,7.32
LEU,N,N,121.4
GLU,H,H,8.55
GLU,HA,H,4.51
GLU,N,N,120.5
CYS,H,H,8.7
CYS,HB2,H,2.81
CYS,HB3,H,2.81
CYS,N,N,117.1
ARG,H,H,8.6
ARG,HA,H,4.48
ARG,N,N,125.1
PHE,H,H,8.81
PHE,HA,H,4.87
PHE,N,N,124.6
VAL,H,H,8.45
VAL,HA,H,4.47
VAL,HB,H,1.82
VAL,HG11,H,0.78
VAL,HG12,H,0.78
VAL,HG13,H,0.78
VAL,HG21,H,0.78
VAL,HG22,H,0.78
VAL,HG23,H,0.78
VAL,N,N,122.5
THR,H,H,8.55
THR,N,N,119
ASP,H,H,8.48
ASP,HB2,H,2.56
ASP,HB3,H,2.45
ASP,N,N,123.8
THR,H,H,7.52
THR,HA,H,5.1
THR,HG21,H,1.18
THR,HG22,H,1.18
THR,HG23,H,1.18
THR,N,N,114.2
LYS,H,H,7.62
LYS,HA,H,4.51
LYS,N,N,113.9
GLY,H,H,7.7
GLY,HA2,H,4.66
GLY,HA3,H,3.93
GLY,N,N,109.2
LYS,H,H,8.9
LYS,HA,H,4.99
LYS,HB2,H,1.67
LYS,HB3,H,1.53
LYS,N,N,123.4
VAL,H,H,8.53
VAL,HA,H,4.15
VAL,HB,H,1.83
VAL,HG11,H,0.82
VAL,HG12,H,0.82
VAL,HG13,H,0.82
VAL,HG21,H,0.49
VAL,HG22,H,0.49
VAL,HG23,H,0.49
VAL,N,N,126.8
LYS,H,H,8.53
LYS,HA,H,4.46
LYS,N,N,128.8
TYR,H,H,8.56
TYR,HD1,H,6.65
TYR,HD2,H,6.65
TYR,N,N,116.6
LEU,H,H,8.73
LEU,HA,H,5.15
LEU,N,N,124.7
TYR,H,H,9.86
TYR,HA,H,4.66
TYR,N,N,127
PHE,H,H,8.87
PHE,HA,H,4.89
PHE,N,N,122.5
ILE,H,H,7.44
ILE,HA,H,4.18
ILE,HB,H,1.9
ILE,HG12,H,1.37
ILE,HG13,H,0.88
ILE,HG21,H,0.87
ILE,HG22,H,0.87
ILE,HG23,H,0.87
ILE,HD11,H,0.73
ILE,HD12,H,0.73
ILE,HD13,H,0.73
ILE,N,N,118.9
LYS,H,H,8.03
LYS,N,N,122.8
GLY,H,H,9.09
GLY,HA2,H,4.14
GLY,HA3,H,3.65
GLY,N,N,113.8
LEU,H,H,7.67
LEU,N,N,122.1
ASN,H,H,8.85
ASN,HA,H,4.57
ASN,N,N,125.2
ALA,H,H,7.87
ALA,HA,H,4.15
ALA,HB1,H,1.43
ALA,HB2,H,1.43
ALA,HB3,H,1.43
ALA,N,N,117.8
ALA,H,H,7.59
ALA,HA,H,4.35
ALA,HB1,H,1.49
ALA,HB2,H,1.49
ALA,HB3,H,1.49
ALA,N,N,117.8
THR,H,H,7.82
THR,HA,H,4.41
THR,N,N,109.6
VAL,H,H,7.9
VAL,HA,H,4.26
VAL,HB,H,2.07
VAL,HG11,H,0.84
VAL,HG12,H,0.84
VAL,HG13,H,0.84
VAL,HG21,H,0.84
VAL,HG22,H,0.84
VAL,HG23,H,0.84
VAL,N,N,120.9
ARG,H,H,8.23
ARG,HB2,H,1.84
ARG,HB3,H,1.76
ARG,N,N,123
LEU,H,H,8.29
LEU,HA,H,4.45
LEU,HB2,H,1.62
LEU,HB3,H,1.62
LEU,N,N,124.6
GLN,H,H,7.91
GLN,HA,H,4.15
GLN,HB2,H,2.04
GLN,HB3,H,1.87
GLN,HG2,H,2.24
GLN,HG3,H,2.24
GLN,N,N,125.1
ALA,H,H,8.1137
ALA,N,N,125.7
ASN,H,H,8.1727
ASN,N,N,118.1
LEU,H,H,8.0843
LEU,N,N,123.59
GLU,H,H,8.2906
GLU,N,N,122.19
GLY,H,H,8.2317
GLY,N,N,109.88
GLY,H,H,7.9074
GLY,N,N,108.97
SER,H,H,8.0253
SER,N,N,115.02
VAL,H,H,7.6662
VAL,N,N,121.2
PHE,H,H,9.175
PHE,N,N,127.11
ILE,H,H,8.1432
ILE,N,N,122.26
PHE,H,H,9.0571
PHE,N,N,123.88
ASN,H,H,8.3791
ASN,N,N,121.06
ILE,H,H,8.5372
ILE,N,N,127.47
LYS,H,H,7.819
LYS,N,N,121.98
ASP,H,H,6.6398
ASP,N,N,114.17
VAL,H,H,6.9935
VAL,N,N,113.26
LEU,H,H,7.4062
LEU,N,N,115.86
MET,H,H,7.4357
MET,N,N,120.43
ILE,H,H,7.867
ILE,N,N,122.91
SER,H,H,7.4652
SER,N,N,112.34
LEU,H,H,7.701
LEU,N,N,124.58
THR,H,H,8.1137
THR,N,N,115.37
LYS,H,H,7.8813
LYS,N,N,117.76
VAL,H,H,7.9958
VAL,N,N,121.48
THR,H,H,7.76
THR,N,N,120.01
CYS,H,H,9.8825
CYS,N,N,126.97
VAL,H,H,9.4403
VAL,N,N,125.84
VAL,H,H,9.5582
VAL,N,N,128.31
VAL,H,H,8.9686
VAL,N,N,121.84
VAL,H,H,7.9074
VAL,N,N,119.66
SER,H,H,8.497
SER,N,N,122.33
GLU,H,H,8.6149
GLU,N,N,123.66
ASP,H,H,7.9074
ASP,N,N,116.98
ASP,H,H,7.2294
ASP,N,N,117.41
ASP,H,H,7.7305
ASP,N,N,121.41
VAL,H,H,7.9074
VAL,N,N,123.17
ILE,H,H,8.4603
ILE,N,N,126.49
SER,H,H,9.066
SER,N,N,124.55
TRP,H,H,8.422
TRP,N,N,123.22
PHE,H,H,9.3224
PHE,N,N,117.12
VAL,H,H,8.8212
VAL,N,N,122.12
ASN,H,H,9.6467
ASN,N,N,131.19
ASN,H,H,9.175
ASN,N,N,108.83
VAL,H,H,7.7895
VAL,N,N,123.52
GLU,H,H,8.7328
GLU,N,N,130.56
VAL,H,H,7.9958
VAL,N,N,119.94
THR,H,H,7.023
THR,N,N,107.84
ALA,H,H,7.91
ALA,N,N,124.29
GLN,H,H,8.4085
GLN,N,N,120.29
THR,H,H,8.7033
THR,N,N,123.24
GLN,H,H,9.0866
GLN,N,N,126.34
THR,H,H,8.4085
THR,N,N,118.67
HIS,H,H,9.3519
HIS,N,N,124.86
ARG,H,H,8.5542
ARG,N,N,124.66
GLU,H,H,9.2045
GLU,N,N,129.43
ASP,H,H,8.371
ASP,N,N,126.87
TYR,H,H,9.4993
TYR,N,N,121.2
ASN,H,H,6.888
ASN,N,N,109.8
SER,H,H,7.6923
SER,N,N,111.6
THR,H,H,7.761
THR,N,N,107.63
ILE,H,H,8.7328
ILE,N,N,121.34
ARG,H,H,8.8507
ARG,N,N,126.48
VAL,H,H,9.3519
VAL,N,N,127.04
VAL,H,H,8.9686
VAL,N,N,126.83
SER,H,H,9.4993
SER,N,N,124.23
THR,H,H,9.175
THR,N,N,123.03
LEU,H,H,8.7576
LEU,N,N,130.06
ILE,H,H,7.9369
ILE,N,N,117.62
GLN,H,H,8.9097
GLN,N,N,118.6
GLN,H,H,9.2929
GLN,N,N,115.58
ASP,H,H,7.4357
ASP,N,N,121.41
TRP,H,H,7.3178
TRP,N,N,118.32
MET,H,H,8.004
MET,N,N,113.31
SER,H,H,7.9074
SER,N,N,111.64
GLY,H,H,7.5242
GLY,N,N,108.9
LYS,H,H,7.1409
LYS,N,N,117.9
GLU,H,H,8.0253
GLU,N,N,118.67
PHE,H,H,8.9686
PHE,N,N,127.32
LYS,H,H,9.2929
LYS,N,N,124.51
CYS,H,H,8.7328
CYS,N,N,124.09
LYS,H,H,8.9981
LYS,N,N,126.34
VAL,H,H,9.2045
VAL,N,N,127.95
ASN,H,H,8.8212
ASN,N,N,123.95
ASN,H,H,7.9439
ASN,N,N,120.01
LYS,H,H,8.569
LYS,N,N,121.07
ASP,H,H,7.9074
ASP,N,N,117.97
LEU,H,H,7.4947
LEU,N,N,121.91
SER,H,H,7.1409
SER,N,N,111.5
ILE,H,H,8.438
ILE,N,N,122.96
GLU,H,H,8.3664
GLU,N,N,125.13
ARG,H,H,8.6444
ARG,N,N,122.89
THR,H,H,8.192
THR,N,N,113.64
ILE,H,H,9.3519
ILE,N,N,123.17
SER,H,H,7.4357
SER,N,N,116.56
LYS,H,H,8.6149
LYS,N,N,125.49
ILE,H,H,8.2611
ILE,N,N,129.08
LYS,H,H,8.2906
LYS,N,N,129.71
GLY,H,H,7.7305
GLY,N,N,111.78
LEU,H,H,7.9369
LEU,N,N,123.95
VAL,H,H,8.0548
VAL,N,N,125.28
ARG,H,H,9.3224
ARG,N,N,128.8
ALA,H,H,8.4603
ALA,N,N,126.49
GLN,H,H,8.3791
GLN,N,N,117.41
VAL,H,H,7.5242
VAL,N,N,121.48
TYR,H,H,9.001
TYR,N,N,124.5
ILE,H,H,8.6444
ILE,N,N,121.56
LEU,H,H,9.4108
LEU,N,N,129.92
ALA,H,H,8.412
ALA,N,N,126.73
GLU,H,H,9.262
GLU,N,N,115.68
GLN,H,H,7.7305
GLN,N,N,118.81
LEU,H,H,7.1115
LEU,N,N,115.58
SER,H,H,7.082
SER,N,N,110.3
ARG,H,H,7.83
ARG,N,N,122.53
LYS,H,H,8.2611
LYS,N,N,118.39
ASP,H,H,7.1115
ASP,N,N,118.46
VAL,H,H,8.7328
VAL,N,N,112.06
SER,H,H,8.0548
SER,N,N,114.38
LEU,H,H,8.8507
LEU,N,N,128.24
THR,H,H,7.5831
THR,N,N,119.94
CYS,H,H,10
CYS,N,N,129.22
LEU,H,H,9.2929
LEU,N,N,131.54
VAL,H,H,8.378
VAL,N,N,128.74
VAL,H,H,8.8507
VAL,N,N,120.22
GLY,H,H,8.0253
GLY,N,N,112.13
PHE,H,H,7.6716
PHE,N,N,112.34
ASN,H,H,8.5854
ASN,N,N,116.63
GLY,H,H,8.6739
GLY,N,N,109.11
ASP,H,H,6.7872
ASP,N,N,118.74
ILE,H,H,8.3496
ILE,N,N,123.74
SER,H,H,7.734
SER,N,N,118.52
VAL,H,H,8.3834
VAL,N,N,128.94
GLU,H,H,8.7093
GLU,N,N,126.4
TRP,H,H,7.2294
TRP,N,N,120.92
THR,H,H,9.0571
THR,N,N,112.76
SER,H,H,9.2045
SER,N,N,116.14
ASN,H,H,8.2317
ASN,N,N,125.28
GLY,H,H,8.3201
GLY,N,N,112.91
HIS,H,H,9.116
HIS,N,N,121.84
THR,H,H,8.4675
THR,N,N,121.7
GLU,H,H,7.819
GLU,N,N,126.41
GLU,H,H,8.444
GLU,N,N,118.51
ASN,H,H,8.6149
ASN,N,N,121.13
TYR,H,H,7.5536
TYR,N,N,117.12
LYS,H,H,8.5559
LYS,N,N,120.29
ASP,H,H,8.635
ASP,N,N,121.11
THR,H,H,8.6444
THR,N,N,110.09
ALA,H,H,8.2317
ALA,N,N,121.91
VAL,H,H,8.621
VAL,N,N,126.71
LEU,H,H,8.0253
LEU,N,N,127.6
ASP,H,H,9.4108
ASP,N,N,129.01
SER,H,H,9.4698
SER,N,N,116.77
ASP,H,H,7.5536
ASP,N,N,118.11
GLY,H,H,7.701
GLY,N,N,107.77
SER,H,H,7.6126
SER,N,N,117.62
TYR,H,H,8.4675
TYR,N,N,117.83
PHE,H,H,8.3496
PHE,N,N,111.22
ILE,H,H,9.2634
ILE,N,N,117.62
TYR,H,H,7.6421
TYR,N,N,120.78
SER,H,H,8.9686
SER,N,N,114.31
LYS,H,H,9.3519
LYS,N,N,132.74
LEU,H,H,8.8501
LEU,N,N,131.65
ASN,H,H,8.1137
ASN,N,N,127.11
MET,H,H,8.509
MET,N,N,117.73
LYS,H,H,8.428
LYS,N,N,120.93
THR,H,H,8.8802
THR,N,N,124.37
SER,H,H,8.146
SER,N,N,113.87
LYS,H,H,7.1704
LYS,N,N,123.45
TRP,H,H,7.6716
TRP,N,N,124.16
GLU,H,H,7.927
GLU,N,N,113.36
LYS,H,H,7.1999
LYS,N,N,115.37
THR,H,H,7.1704
THR,N,N,119.23
ASP,H,H,8.683
ASP,N,N,126.54
SER,H,H,7.76
SER,N,N,112.84
PHE,H,H,8.6444
PHE,N,N,117.27
SER,H,H,9.4108
SER,N,N,115.79
CYS,H,H,8.7623
CYS,N,N,126.13
ASN,H,H,8.6149
ASN,N,N,125.14
VAL,H,H,8.8802
VAL,N,N,125.7
ARG,H,H,8.5854
ARG,N,N,124.86
HIS,H,H,6.9641
HIS,N,N,120.85
GLU,H,H,8.8212
GLU,N,N,126.97
GLY,H,H,10.796
GLY,N,N,113.04
LEU,H,H,7.2883
LEU,N,N,120.08
LYS,H,H,8.6444
LYS,N,N,126.55
TYR,H,H,8.2022
TYR,N,N,111.64
TYR,H,H,7.1704
TYR,N,N,119.87
LEU,H,H,8.5265
LEU,N,N,130.63
LYS,H,H,7.9369
LYS,N,N,126.27
LYS,H,H,8.2906
LYS,N,N,128.52
THR,H,H,8.4746
THR,N,N,122.45
ILE,H,H,9.3519
ILE,N,N,125.56
SER,H,H,8.2022
SER,N,N,120.22
ARG,H,H,8.4133
ARG,N,N,124.94
SER,H,H,8.1727
SER,N,N,117.69
GLY,H,H,7.76
GLY,N,N,115.58
LYS,H,H,7.5831
LYS,N,N,126.41
NAG,H1,H,4.915
NAG,H2,H,3.991
NAG,H3,H,3.9568
NAG,H4,H,3.9568
NAG,H5,H,3.5706
NAG,H8,H,2.013
NAG,H1,H,4.475
NAG,H2,H,3.9421
NAG,H3,H,3.6537
NAG,H4,H,2.9937
NAG,H5,H,3.6195
NAG,H8,H,1.954
NAG,N,N,121.95
NAG,NH,N,7.832
MAN,H1,H,3.1453
MAN,H2,H,4.013
MAN,H3,H,3.3653
MAN,H4,H,3.5608
MAN,H5,H,3.0475
MAN,H61,H,3.627
MAN,H62,H,3.736
MAN,H1,H,5.2425
MAN,H2,H,4.2648
MAN,H3,H,3.937
MAN,H4,H,3.6928
MAN,H5,H,3.833
MAN,H61,H,3.721
MAN,H62,H,3.801
NAG,H1,H,4.7537
NAG,H2,H,3.7955
NAG,H3,H,3.7515
NAG,H4,H,3.5657
NAG,H5,H,3.5706
NAG,H8,H,2.135
NAG,H61,H,3.724
NAG,H62,H,3.807
NAG,N,N,122.08
NAG,NH,N,8.042
MAN,H1,H,4.6754
MAN,H2,H,3.463
MAN,H3,H,3.7173
MAN,H4,H,3.3653
MAN,H5,H,3.4337
MAN,H61,H,3.721
MAN,H62,H,3.801
NAG,H1,H,3.4093
NAG,H2,H,3.3897
NAG,H3,H,3.1844
NAG,H4,H,3.3311
NAG,H5,H,2.1138
NAG,H8,H,2.022
NAG,H61,H,3.2088
NAG,H62,H,3.4533
NAG,N,N,121.26
NAG,NH,N,7.665
FUC,H1,H,4.7048
FUC,H2,H,3.6048
FUC,H3,H,3.4142
FUC,H4,H,2.6075
FUC,H5,H,3.1208
HIS,HA,H,4.498
HIS,HB2,H,2.982
HIS,HB3,H,2.982
MET,H,H,8.222
MET,HA,H,4.525
MET,HB2,H,1.821
MET,HB3,H,1.901
MET,HG2,H,2.39
MET,HG3,H,2.301
MET,N,N,122.348
GLY,H,H,7.964
GLY,HA2,H,3.915
GLY,HA3,H,3.915
GLY,N,N,110.052
THR,H,H,7.915
THR,HA,H,5.071
THR,HB,H,3.976
THR,HG21,H,1.073
THR,HG22,H,1.073
THR,HG23,H,1.073
THR,N,N,118.825
VAL,H,H,9.071
VAL,HA,H,4.194
VAL,HB,H,0.891
VAL,HG11,H,0.043
VAL,HG12,H,0.043
VAL,HG13,H,0.043
VAL,HG21,H,-1.016
VAL,HG22,H,-1.016
VAL,HG23,H,-1.016
VAL,N,N,121.83
SER,H,H,8.195
SER,HA,H,4.853
SER,HB2,H,3.372
SER,HB3,H,3.11
SER,N,N,113.471
TRP,H,H,7.678
TRP,HA,H,5.35
TRP,HB2,H,2.849
TRP,HB3,H,3.097
TRP,HE1,H,9.937
TRP,N,N,125.209
TRP,NE1,N,127.505
ASN,H,H,9.327
ASN,HA,H,4.634
ASN,HB2,H,3.225
ASN,HB3,H,2.88
ASN,N,N,120.978
LEU,H,H,8.519
LEU,HA,H,4.039
LEU,HB2,H,1.74
LEU,HB3,H,1.649
LEU,HG,H,1.646
LEU,HD11,H,1.032
LEU,HD12,H,1.032
LEU,HD13,H,1.032
LEU,HD21,H,0.992
LEU,HD22,H,0.992
LEU,HD23,H,0.992
LEU,N,N,119.3
ARG,H,H,8.159
ARG,HA,H,3.78
ARG,HB2,H,1.784
ARG,HB3,H,1.784
ARG,HG2,H,1.277
ARG,HG3,H,1.277
ARG,HD2,H,3.097
ARG,HD3,H,3.097
ARG,N,N,118.123
GLU,H,H,8.382
GLU,HA,H,3.696
GLU,HB2,H,2.125
GLU,HB3,H,1.135
GLU,HG2,H,1.806
GLU,HG3,H,1.806
GLU,N,N,120.947
MET,H,H,8.71
MET,HA,H,3.897
MET,HB2,H,2.315
MET,HB3,H,2.315
MET,HG2,H,2.916
MET,HG3,H,2.916
MET,N,N,120.527
LEU,H,H,8.74
LEU,HA,H,4.026
LEU,HB2,H,1.883
LEU,HB3,H,1.607
LEU,HG,H,1.911
LEU,HD11,H,0.843
LEU,HD12,H,0.843
LEU,HD13,H,0.843
LEU,HD21,H,1.198
LEU,HD22,H,1.198
LEU,HD23,H,1.198
LEU,N,N,118.145
ALA,H,H,7.903
ALA,HA,H,4.047
ALA,HB1,H,1.299
ALA,HB2,H,1.299
ALA,HB3,H,1.299
ALA,N,N,120.341
HIS,H,H,7.862
HIS,HA,H,4.134
HIS,HB2,H,3.115
HIS,HB3,H,2.654
HIS,N,N,117.539
ALA,H,H,9.212
ALA,HA,H,3.695
ALA,HB1,H,1.464
ALA,HB2,H,1.464
ALA,HB3,H,1.464
ALA,N,N,124.946
GLU,H,H,8.894
GLU,HA,H,3.656
GLU,HB2,H,2.197
GLU,HB3,H,2.002
GLU,HG2,H,2.145
GLU,HG3,H,2.414
GLU,N,N,121.04
GLU,H,H,7.731
GLU,HA,H,3.988
GLU,HB2,H,2.037
GLU,HB3,H,1.88
GLU,HG2,H,2.249
GLU,HG3,H,2.071
GLU,N,N,116.616
THR,H,H,7.761
THR,HA,H,4.072
THR,HB,H,3.967
THR,HG21,H,0.706
THR,HG22,H,0.706
THR,HG23,H,0.706
THR,N,N,105.44
ARG,H,H,7.862
ARG,HA,H,3.904
ARG,HB2,H,2.026
ARG,HB3,H,1.952
ARG,HG2,H,1.372
ARG,HG3,H,1.274
ARG,HD2,H,3.055
ARG,HD3,H,3.084
ARG,N,N,115.336
LYS,H,H,7.099
LYS,HA,H,3.899
LYS,HB2,H,1.607
LYS,HB3,H,0.984
LYS,HG2,H,1.38
LYS,HG3,H,1.38
LYS,HD2,H,1.441
LYS,HD3,H,1.441
LYS,HE2,H,2.802
LYS,HE3,H,2.677
LYS,N,N,118.177
LEU,H,H,8.232
LEU,HA,H,4.132
LEU,HB2,H,1.431
LEU,HB3,H,1.642
LEU,HG,H,0.968
LEU,HD11,H,0.605
LEU,HD12,H,0.605
LEU,HD13,H,0.605
LEU,HD21,H,0.571
LEU,HD22,H,0.571
LEU,HD23,H,0.571
LEU,N,N,124.476
MET,H,H,9.077
MET,HA,H,5.985
MET,HB2,H,1.353
MET,HB3,H,1.353
MET,HG2,H,2.214
MET,HG3,H,2.921
MET,N,N,128.96
PRO,HA,H,5.756
PRO,HB2,H,2.39
PRO,HB3,H,2.144
PRO,HG2,H,1.585
PRO,HG3,H,1.568
PRO,HD2,H,4.474
PRO,HD3,H,3.893
VAL,H,H,9.349
VAL,HA,H,4.137
VAL,HB,H,1.695
VAL,HG11,H,0.875
VAL,HG12,H,0.875
VAL,HG13,H,0.875
VAL,HG21,H,0.683
VAL,HG22,H,0.683
VAL,HG23,H,0.683
VAL,N,N,126.122
CYS,H,H,8.87
CYS,HA,H,3.483
CYS,HB2,H,2.919
CYS,HB3,H,2.605
CYS,N,N,128.446
VAL,H,H,8.787
VAL,HA,H,3.598
VAL,HB,H,1.939
VAL,HG11,H,0.642
VAL,HG12,H,0.642
VAL,HG13,H,0.642
VAL,HG21,H,0.661
VAL,HG22,H,0.661
VAL,HG23,H,0.661
VAL,N,N,124.265
GLU,H,H,7.553
GLU,HA,H,4.05
GLU,HB2,H,2.114
GLU,HB3,H,1.886
GLU,HG2,H,2.378
GLU,HG3,H,1.994
GLU,N,N,116.879
THR,H,H,7.872
THR,HA,H,4.297
THR,HB,H,4.266
THR,HG21,H,1.273
THR,HG22,H,1.273
THR,HG23,H,1.273
THR,N,N,117.654
LYS,H,H,8.112
LYS,HA,H,3.749
LYS,HB2,H,1.752
LYS,HB3,H,1.752
LYS,HG2,H,1.348
LYS,HG3,H,1.46
LYS,HD2,H,1.573
LYS,HD3,H,1.573
LYS,HE2,H,2.971
LYS,HE3,H,2.971
LYS,N,N,129.501
ALA,HA,H,4.032
ALA,HB1,H,1.353
ALA,HB2,H,1.353
ALA,HB3,H,1.353
ILE,H,H,7.08
ILE,HA,H,3.764
ILE,HB,H,1.805
ILE,HG12,H,1.121
ILE,HG13,H,1.681
ILE,HG21,H,0.953
ILE,HG22,H,0.953
ILE,HG23,H,0.953
ILE,HD11,H,1.036
ILE,HD12,H,1.036
ILE,HD13,H,1.036
ILE,N,N,115.906
VAL,H,H,7.534
VAL,HA,H,3.225
VAL,HB,H,1.802
VAL,HG11,H,0.83
VAL,HG12,H,0.83
VAL,HG13,H,0.83
VAL,HG21,H,0.669
VAL,HG22,H,0.669
VAL,HG23,H,0.669
VAL,N,N,119.535
SER,H,H,8.666
SER,HA,H,4.212
SER,HB2,H,3.82
SER,HB3,H,3.82
SER,N,N,113.55
THR,H,H,7.252
THR,HA,H,3.798
THR,HB,H,4.29
THR,HG21,H,1.053
THR,HG22,H,1.053
THR,HG23,H,1.053
THR,N,N,119.126
ILE,H,H,8.092
ILE,HA,H,3.535
ILE,HB,H,1.904
ILE,HG12,H,1.013
ILE,HG13,H,1.829
ILE,HG21,H,0.819
ILE,HG22,H,0.819
ILE,HG23,H,0.819
ILE,HD11,H,0.554
ILE,HD12,H,0.554
ILE,HD13,H,0.554
ILE,N,N,123.091
GLN,H,H,8.507
GLN,HA,H,3.808
GLN,HB2,H,2.091
GLN,HB3,H,1.864
GLN,HG2,H,2.33
GLN,HG3,H,2.032
GLN,N,N,116.792
ARG,H,H,7.488
ARG,HA,H,4.031
ARG,HB2,H,1.776
ARG,HB3,H,1.796
ARG,HG2,H,1.534
ARG,HG3,H,1.534
ARG,HD2,H,3.096
ARG,HD3,H,3.096
ARG,N,N,115.966
LYS,H,H,7.821
LYS,HA,H,3.876
LYS,HB2,H,1.443
LYS,HB3,H,1.164
LYS,HG2,H,0.538
LYS,HG3,H,0.841
LYS,HD2,H,1.369
LYS,HD3,H,1.271
LYS,HE2,H,2.794
LYS,HE3,H,2.794
LYS,N,N,119.343
TYR,H,H,8.243
TYR,HA,H,4.917
TYR,HB2,H,3.035
TYR,HB3,H,3.009
TYR,N,N,120.909
LYS,H,H,7.587
LYS,HA,H,4.108
LYS,HB2,H,1.775
LYS,HB3,H,1.727
LYS,HG2,H,1.454
LYS,HG3,H,1.378
LYS,HD2,H,1.665
LYS,HD3,H,1.682
LYS,HE2,H,2.969
LYS,HE3,H,2.969
LYS,N,N,120.136
GLY,HA2,H,4.224
GLY,HA3,H,3.602
ILE,H,H,7.785
ILE,HA,H,2.506
ILE,HB,H,1.871
ILE,HG12,H,0.699
ILE,HG13,H,1.156
ILE,HG21,H,0.81
ILE,HG22,H,0.81
ILE,HG23,H,0.81
ILE,HD11,H,1.026
ILE,HD12,H,1.026
ILE,HD13,H,1.026
ILE,N,N,122.628
LYS,H,H,7.833
LYS,HA,H,4.275
LYS,HB2,H,1.55
LYS,HB3,H,1.475
LYS,HG2,H,1.055
LYS,HG3,H,1.199
LYS,HD2,H,1.502
LYS,HD3,H,1.502
LYS,HE2,H,2.836
LYS,HE3,H,2.836
LYS,N,N,128.564
ILE,H,H,8.193
ILE,HA,H,2.984
ILE,HB,H,1.328
ILE,HG12,H,0.529
ILE,HG13,H,1.031
ILE,HG21,H,-0.435
ILE,HG22,H,-0.435
ILE,HG23,H,-0.435
ILE,HD11,H,0.247
ILE,HD12,H,0.247
ILE,HD13,H,0.247
ILE,N,N,124.931
GLN,H,H,6.666
GLN,HA,H,4.248
GLN,HB2,H,1.904
GLN,HB3,H,1.749
GLN,HG2,H,1.941
GLN,HG3,H,2.014
GLN,N,N,124.513
GLU,H,H,8.265
GLU,HA,H,3.714
GLU,HB2,H,1.976
GLU,HB3,H,1.76
GLU,HG2,H,2.01
GLU,HG3,H,2.2
GLU,N,N,117.308
GLY,H,H,8.974
GLY,HA2,H,2.962
GLY,HA3,H,4.299
GLY,N,N,111.907
VAL,H,H,8.438
VAL,HA,H,4.742
VAL,HB,H,1.935
VAL,HG11,H,0.831
VAL,HG12,H,0.831
VAL,HG13,H,0.831
VAL,HG21,H,0.794
VAL,HG22,H,0.794
VAL,HG23,H,0.794
VAL,N,N,119.744
VAL,H,H,9.2
VAL,HA,H,4.123
VAL,HB,H,2.238
VAL,HG11,H,1.192
VAL,HG12,H,1.192
VAL,HG13,H,1.192
VAL,HG21,H,1.107
VAL,HG22,H,1.107
VAL,HG23,H,1.107
VAL,N,N,131.502
ASP,H,H,8.768
ASP,HA,H,4.996
ASP,HB2,H,2.986
ASP,HB3,H,2.036
ASP,N,N,127.428
TYR,H,H,8.737
TYR,HA,H,4.178
TYR,HB2,H,3.122
TYR,HB3,H,2.647
TYR,N,N,128.807
GLY,H,H,8.33
GLY,HA2,H,3.893
GLY,HA3,H,2.881
GLY,N,N,117.132
ALA,H,H,7.316
ALA,HA,H,3.852
ALA,HB1,H,0.586
ALA,HB2,H,0.586
ALA,HB3,H,0.586
ALA,N,N,126.14
ARG,H,H,8.757
ARG,HA,H,4.4
ARG,HB2,H,1.379
ARG,HB3,H,1.067
ARG,HG2,H,1.507
ARG,HG3,H,1.507
ARG,HD2,H,2.795
ARG,HD3,H,2.795
ARG,N,N,119.655
PHE,H,H,8.696
PHE,HA,H,5.068
PHE,HB2,H,2.109
PHE,HB3,H,2.109
PHE,N,N,121.995
TYR,H,H,7.813
TYR,HA,H,4.673
TYR,HB2,H,2.665
TYR,HB3,H,2.381
TYR,N,N,119.301
PHE,H,H,8.842
PHE,HA,H,5.622
PHE,HB2,H,3.497
PHE,HB3,H,2.385
PHE,N,N,128.1
TYR,H,H,8.664
TYR,HA,H,5.345
TYR,HB2,H,3.303
TYR,HB3,H,2.966
TYR,N,N,118.62
THR,H,H,8.736
THR,HA,H,5.018
THR,HB,H,4.432
THR,HG21,H,1.142
THR,HG22,H,1.142
THR,HG23,H,1.142
THR,N,N,111.973
SER,H,H,9.635
SER,HA,H,3.708
SER,HB2,H,3.307
SER,HB3,H,3.373
SER,N,N,118.028
LYS,H,H,8.057
LYS,HA,H,4.07
LYS,HB2,H,1.816
LYS,HB3,H,1.63
LYS,HG2,H,1.389
LYS,HG3,H,1.329
LYS,HD2,H,1.506
LYS,HD3,H,1.664
LYS,HE2,H,2.895
LYS,HE3,H,2.895
LYS,N,N,120.644
THR,H,H,7.619
THR,HA,H,4.301
THR,HB,H,4.328
THR,HG21,H,1.355
THR,HG22,H,1.355
THR,HG23,H,1.355
THR,N,N,119.572
THR,H,H,8.721
THR,HA,H,4.21
THR,HB,H,4.569
THR,HG21,H,1.363
THR,HG22,H,1.363
THR,HG23,H,1.363
THR,N,N,118.019
VAL,H,H,8.413
VAL,HA,H,2.785
VAL,HB,H,0.663
VAL,HG11,H,0.018
VAL,HG12,H,0.018
VAL,HG13,H,0.018
VAL,HG21,H,-0.048
VAL,HG22,H,-0.048
VAL,HG23,H,-0.048
VAL,N,N,121.251
ALA,H,H,8.086
ALA,HA,H,3.858
ALA,HB1,H,1.354
ALA,HB2,H,1.354
ALA,HB3,H,1.354
ALA,N,N,118.33
SER,H,H,7.641
SER,HA,H,4.092
SER,HB2,H,3.834
SER,HB3,H,3.858
SER,N,N,113.42
LEU,H,H,8.19
LEU,HA,H,3.822
LEU,HB2,H,1.511
LEU,HB3,H,1.205
LEU,HG,H,1.091
LEU,HD11,H,-0.001
LEU,HD12,H,-0.001
LEU,HD13,H,-0.001
LEU,HD21,H,0.339
LEU,HD22,H,0.339
LEU,HD23,H,0.339
LEU,N,N,124.4
ILE,H,H,8.278
ILE,HA,H,3.195
ILE,HB,H,1.788
ILE,HG12,H,1.382
ILE,HG13,H,0.931
ILE,HG21,H,0.648
ILE,HG22,H,0.648
ILE,HG23,H,0.648
ILE,HD11,H,0.547
ILE,HD12,H,0.547
ILE,HD13,H,0.547
ILE,N,N,118.144
ASN,H,H,7.726
ASN,HA,H,4.315
ASN,HB2,H,2.885
ASN,HB3,H,2.796
ASN,N,N,117.722
THR,H,H,8.368
THR,HA,H,3.772
THR,HB,H,4.088
THR,HG21,H,1.032
THR,HG22,H,1.032
THR,HG23,H,1.032
THR,N,N,118.237
LEU,H,H,8.375
LEU,HA,H,3.696
LEU,HB2,H,1.566
LEU,HB3,H,1.045
LEU,HG,H,1.422
LEU,HD11,H,0.422
LEU,HD12,H,0.422
LEU,HD13,H,0.422
LEU,HD21,H,0.17
LEU,HD22,H,0.17
LEU,HD23,H,0.17
LEU,N,N,121.225
ASN,H,H,8.847
ASN,HA,H,4.529
ASN,HB2,H,3.038
ASN,HB3,H,2.638
ASN,N,N,120.706
ASP,H,H,7.782
ASP,HA,H,4.303
ASP,HB2,H,2.751
ASP,HB3,H,2.579
ASP,N,N,120.922
LEU,H,H,7.924
LEU,HA,H,3.959
LEU,HB2,H,1.822
LEU,HB3,H,1.328
LEU,HG,H,1.672
LEU,HD11,H,0.571
LEU,HD12,H,0.571
LEU,HD13,H,0.571
LEU,HD21,H,0.79
LEU,HD22,H,0.79
LEU,HD23,H,0.79
LEU,N,N,120.176
ASN,H,H,7.569
ASN,HA,H,4.209
ASN,HB2,H,3.18
ASN,HB3,H,2.226
ASN,N,N,111.617
GLU,H,H,8.678
GLU,HA,H,4.423
GLU,HB2,H,2.033
GLU,HB3,H,1.716
GLU,HG2,H,2.043
GLU,HG3,H,1.988
GLU,N,N,119.822
THR,H,H,8.418
THR,HA,H,4.322
THR,HB,H,3.933
THR,HG21,H,1.11
THR,HG22,H,1.11
THR,HG23,H,1.11
THR,N,N,117.741
LEU,H,H,8.305
LEU,HA,H,5.725
LEU,HB2,H,1.639
LEU,HB3,H,1.141
LEU,HG,H,1.97
LEU,HD11,H,0.71
LEU,HD12,H,0.71
LEU,HD13,H,0.71
LEU,HD21,H,0.778
LEU,HD22,H,0.778
LEU,HD23,H,0.778
LEU,N,N,122.16
VAL,H,H,8.323
VAL,HA,H,5.006
VAL,HB,H,1.914
VAL,HG11,H,1.053
VAL,HG12,H,1.053
VAL,HG13,H,1.053
VAL,HG21,H,0.979
VAL,HG22,H,0.979
VAL,HG23,H,0.979
VAL,N,N,120.669
THR,H,H,8.712
THR,HA,H,5.114
THR,HB,H,3.49
THR,HG21,H,0.809
THR,HG22,H,0.809
THR,HG23,H,0.809
THR,N,N,117.422
MET,H,H,8.409
MET,HA,H,5.309
MET,HB2,H,2.381
MET,HB3,H,2.3
MET,HG2,H,2.855
MET,HG3,H,2.567
MET,N,N,125.815
PRO,HA,H,3.994
PRO,HB2,H,1.918
PRO,HB3,H,1.681
PRO,HG2,H,1.591
PRO,HG3,H,1.119
PRO,HD2,H,3.357
PRO,HD3,H,3.868
LEU,H,H,8.332
LEU,HA,H,3.842
LEU,HB2,H,1.572
LEU,HB3,H,0.685
LEU,HG,H,1.647
LEU,HD11,H,0.679
LEU,HD12,H,0.679
LEU,HD13,H,0.679
LEU,HD21,H,0.688
LEU,HD22,H,0.688
LEU,HD23,H,0.688
LEU,N,N,131.448
GLY,H,H,8.652
GLY,HA2,H,3.976
GLY,HA3,H,3.454
GLY,N,N,106.018
TYR,H,H,7.028
TYR,HA,H,4.358
TYR,HB2,H,2.975
TYR,HB3,H,2.573
TYR,N,N,121.962
VAL,H,H,8.767
VAL,HA,H,3.072
VAL,HB,H,2.452
VAL,HG11,H,0.714
VAL,HG12,H,0.714
VAL,HG13,H,0.714
VAL,HG21,H,0.039
VAL,HG22,H,0.039
VAL,HG23,H,0.039
VAL,N,N,127.148
THR,H,H,9.478
THR,HA,H,3.831
THR,HB,H,4.295
THR,HG21,H,1.365
THR,HG22,H,1.365
THR,HG23,H,1.365
THR,N,N,117.994
HIS,H,H,7.817
HIS,HA,H,4.84
HIS,HB2,H,3.443
HIS,HB3,H,2.786
HIS,N,N,118.877
GLY,H,H,7.787
GLY,HA2,H,4.055
GLY,HA3,H,3.702
GLY,N,N,106.421
LEU,H,H,6.862
LEU,HA,H,4.708
LEU,HB2,H,1.824
LEU,HB3,H,1.507
LEU,HG,H,1.74
LEU,HD11,H,0.895
LEU,HD12,H,0.895
LEU,HD13,H,0.895
LEU,HD21,H,0.775
LEU,HD22,H,0.775
LEU,HD23,H,0.775
LEU,N,N,114.993
ASN,H,H,9.243
ASN,HA,H,4.91
ASN,HB2,H,2.937
ASN,HB3,H,2.869
ASN,N,N,122.137
LEU,H,H,8.647
LEU,HA,H,3.754
LEU,HB2,H,1.85
LEU,HB3,H,1.408
LEU,HG,H,1.747
LEU,HD11,H,0.894
LEU,HD12,H,0.894
LEU,HD13,H,0.894
LEU,HD21,H,0.56
LEU,HD22,H,0.56
LEU,HD23,H,0.56
LEU,N,N,118.62
GLU,H,H,7.766
GLU,HA,H,2.891
GLU,HB2,H,1.503
GLU,HB3,H,0.668
GLU,HG2,H,1.605
GLU,HG3,H,1.387
GLU,N,N,120.126
GLU,H,H,8.641
GLU,HA,H,3.749
GLU,HB2,H,2.193
GLU,HB3,H,1.904
GLU,HG2,H,2.463
GLU,HG3,H,2.148
GLU,N,N,118.668
ALA,H,H,8.483
ALA,HA,H,4.271
ALA,HB1,H,1.356
ALA,HB2,H,1.356
ALA,HB3,H,1.356
ALA,N,N,121.465
ALA,H,H,8.604
ALA,HA,H,3.85
ALA,HB1,H,1.153
ALA,HB2,H,1.153
ALA,HB3,H,1.153
ALA,N,N,120.574
ARG,H,H,7.546
ARG,HA,H,3.646
ARG,HB2,H,1.781
ARG,HB3,H,1.797
ARG,HG2,H,1.64
ARG,HG3,H,1.64
ARG,HD2,H,2.956
ARG,HD3,H,2.941
ARG,N,N,115.017
TYR,H,H,7.497
TYR,HA,H,4.067
TYR,HB2,H,2.916
TYR,HB3,H,2.602
TYR,N,N,117.997
MET,H,H,8.516
MET,HA,H,4.201
MET,HB2,H,2
MET,HB3,H,2
MET,HG2,H,2.593
MET,HG3,H,2.645
MET,N,N,118.392
ARG,H,H,7.619
ARG,HA,H,4.058
ARG,HB2,H,1.887
ARG,HB3,H,1.842
ARG,HG2,H,1.677
ARG,HG3,H,1.665
ARG,HD2,H,3.161
ARG,HD3,H,3.161
ARG,N,N,119.138
SER,H,H,8.057
SER,HA,H,4.357
SER,HB2,H,4.086
SER,HB3,H,3.962
SER,N,N,112.411
LEU,H,H,7.6
LEU,HA,H,4.396
LEU,HB2,H,1.719
LEU,HB3,H,1.69
LEU,HG,H,1.569
LEU,HD11,H,0.759
LEU,HD12,H,0.759
LEU,HD13,H,0.759
LEU,HD21,H,0.812
LEU,HD22,H,0.812
LEU,HD23,H,0.812
LEU,N,N,124.136
LYS,H,H,9.76
LYS,HA,H,4.319
LYS,HB2,H,1.897
LYS,HB3,H,1.339
LYS,HG2,H,0.843
LYS,HG3,H,0.553
LYS,HD2,H,1.271
LYS,HD3,H,1.368
LYS,HE2,H,2.795
LYS,HE3,H,2.89
LYS,N,N,124.858
VAL,H,H,6.771
VAL,HA,H,4.538
VAL,HB,H,2.151
VAL,HG11,H,0.991
VAL,HG12,H,0.991
VAL,HG13,H,0.991
VAL,HG21,H,0.779
VAL,HG22,H,0.779
VAL,HG23,H,0.779
VAL,N,N,112.327
PRO,HA,H,4.38
PRO,HB2,H,1.928
PRO,HB3,H,2.206
PRO,HG2,H,1.988
PRO,HG3,H,1.793
PRO,HD2,H,3.759
PRO,HD3,H,3.564
ALA,H,H,7.935
ALA,HA,H,5.051
ALA,HB1,H,0.998
ALA,HB2,H,0.998
ALA,HB3,H,0.998
ALA,N,N,119.724
THR,H,H,8.45
THR,HA,H,4.394
THR,HB,H,3.766
THR,HG21,H,0.564
THR,HG22,H,0.564
THR,HG23,H,0.564
THR,N,N,123.162
VAL,H,H,8.489
VAL,HA,H,4.736
VAL,HB,H,1.695
VAL,HG11,H,0.595
VAL,HG12,H,0.595
VAL,HG13,H,0.595
VAL,HG21,H,0.255
VAL,HG22,H,0.255
VAL,HG23,H,0.255
VAL,N,N,128.645
SER,H,H,8.587
SER,HA,H,4.893
SER,HB2,H,3.724
SER,HB3,H,2.921
SER,N,N,119.576
VAL,H,H,8.594
VAL,HA,H,4.56
VAL,HB,H,2.084
VAL,HG11,H,0.301
VAL,HG12,H,0.301
VAL,HG13,H,0.301
VAL,HG21,H,0.256
VAL,HG22,H,0.256
VAL,HG23,H,0.256
VAL,N,N,119.312
SER,H,H,8.413
SER,HA,H,4.008
SER,HB2,H,3.944
SER,HB3,H,4.008
SER,N,N,112.822
SER,H,H,7.344
SER,HA,H,4.949
SER,HB2,H,4.113
SER,HB3,H,3.807
SER,N,N,114.44
PRO,HA,H,4.176
PRO,HB2,H,2.372
PRO,HB3,H,1.945
PRO,HG2,H,2.13
PRO,HG3,H,1.99
PRO,HD2,H,3.852
PRO,HD3,H,3.829
ASP,H,H,8.231
ASP,HA,H,4.364
ASP,HB2,H,2.474
ASP,HB3,H,2.57
ASP,N,N,116.337
ALA,H,H,7.796
ALA,HA,H,4.208
ALA,HB1,H,1.38
ALA,HB2,H,1.38
ALA,HB3,H,1.38
ALA,N,N,122.83
VAL,H,H,7.477
VAL,HA,H,3.227
VAL,HB,H,2.183
VAL,HG11,H,0.663
VAL,HG12,H,0.663
VAL,HG13,H,0.663
VAL,HG21,H,0.647
VAL,HG22,H,0.647
VAL,HG23,H,0.647
VAL,N,N,121.085
THR,H,H,7.416
THR,HA,H,3.762
THR,HB,H,4.052
THR,HG21,H,1.105
THR,HG22,H,1.105
THR,HG23,H,1.105
THR,N,N,113.202
ALA,H,H,7.431
ALA,HA,H,3.651
ALA,HB1,H,1.206
ALA,HB2,H,1.206
ALA,HB3,H,1.206
ALA,N,N,124.01
TYR,H,H,8.825
TYR,HA,H,4.539
TYR,HB2,H,2.925
TYR,HB3,H,2.936
TYR,N,N,119.034
ASN,H,H,8.361
ASN,HA,H,4.267
ASN,HB2,H,2.648
ASN,HB3,H,2.725
ASN,N,N,116.038
GLY,H,H,7.706
GLY,HA2,H,3.697
GLY,HA3,H,3.617
GLY,N,N,108.067
TYR,H,H,7.777
TYR,HA,H,4.599
TYR,HB2,H,3.063
TYR,HB3,H,2.654
TYR,N,N,121.693
LEU,H,H,7.958
LEU,HA,H,3.777
LEU,HB2,H,1.444
LEU,HB3,H,1.473
LEU,HG,H,1.352
LEU,HD11,H,0.709
LEU,HD12,H,0.709
LEU,HD13,H,0.709
LEU,HD21,H,0.604
LEU,HD22,H,0.604
LEU,HD23,H,0.604
LEU,N,N,118.763
THR,H,H,7.466
THR,HA,H,4.245
THR,HB,H,4.279
THR,HG21,H,1.132
THR,HG22,H,1.132
THR,HG23,H,1.132
THR,N,N,108.259
SER,H,H,7.735
SER,HA,H,4.43
SER,HB2,H,3.874
SER,HB3,H,3.874
SER,N,N,117.667
SER,H,H,8.076
SER,HA,H,4.18
SER,HB2,H,3.765
SER,HB3,H,3.765
SER,N,N,123.181
SER,HA,H,4.213
SER,HB2,H,3.856
SER,HB3,H,3.757
GLU,H,H,10.249
GLU,HA,H,3.012
GLU,HB2,H,1.603
GLU,HB3,H,1.247
GLU,HG2,H,2.141
GLU,HG3,H,1.266
GLU,N,N,123.763
GLU,H,H,7.994
GLU,HA,H,3.626
GLU,HB2,H,2.028
GLU,HB3,H,1.848
GLU,HG2,H,2.46
GLU,HG3,H,1.874
GLU,N,N,117.355
HIS,H,H,8.179
HIS,HA,H,4.361
HIS,HB2,H,3.146
HIS,HB3,H,3.146
HIS,HD2,H,7.1
HIS,HE1,H,6.154
HIS,N,N,120.324
PHE,H,H,8.194
PHE,HA,H,4.209
PHE,HB2,H,3.386
PHE,HB3,H,3.244
PHE,HD1,H,7.251
PHE,HD2,H,7.251
PHE,HE1,H,6.878
PHE,HE2,H,6.878
PHE,N,N,123.262
ILE,H,H,7.757
ILE,HA,H,3.451
ILE,HB,H,1.415
ILE,HG12,H,-0.406
ILE,HG13,H,1.41
ILE,HG21,H,0.486
ILE,HG22,H,0.486
ILE,HG23,H,0.486
ILE,HD11,H,-0.487
ILE,HD12,H,-0.487
ILE,HD13,H,-0.487
ILE,N,N,118.239
GLU,H,H,8.145
GLU,HA,H,3.748
GLU,HB2,H,1.963
GLU,HB3,H,1.99
GLU,HG2,H,2.071
GLU,HG3,H,2.155
GLU,N,N,119.774
THR,H,H,8.371
THR,HA,H,3.689
THR,HB,H,4.047
THR,HG21,H,1.071
THR,HG22,H,1.071
THR,HG23,H,1.071
THR,N,N,114.502
ILE,H,H,7.941
ILE,HA,H,3.575
ILE,HB,H,1.745
ILE,HG12,H,0.756
ILE,HG13,H,0.862
ILE,HG21,H,0.478
ILE,HG22,H,0.478
ILE,HG23,H,0.478
ILE,HD11,H,0.036
ILE,HD12,H,0.036
ILE,HD13,H,0.036
ILE,N,N,123.634
SER,H,H,8.412
SER,HA,H,2.282
SER,HB2,H,3.427
SER,HB3,H,3.57
SER,N,N,117.198
LEU,H,H,7.158
LEU,HA,H,4.058
LEU,HB2,H,1.435
LEU,HB3,H,1.643
LEU,HG,H,1.625
LEU,HD11,H,0.804
LEU,HD12,H,0.804
LEU,HD13,H,0.804
LEU,HD21,H,0.778
LEU,HD22,H,0.778
LEU,HD23,H,0.778
LEU,N,N,120.781
ALA,H,H,7.674
ALA,HA,H,4.18
ALA,HB1,H,1.595
ALA,HB2,H,1.595
ALA,HB3,H,1.595
ALA,N,N,121.239
GLY,H,H,8.67
GLY,HA2,H,4.436
GLY,HA3,H,3.518
GLY,N,N,104.421
SER,H,H,7.536
SER,HA,H,4.625
SER,HB2,H,4.166
SER,HB3,H,3.819
SER,N,N,111.753
TYR,H,H,8.722
TYR,HA,H,4.32
TYR,HB2,H,2.617
TYR,HB3,H,2.617
TYR,HD1,H,7.004
TYR,HD2,H,7.004
TYR,HE1,H,6.86
TYR,HE2,H,6.86
TYR,N,N,119.526
LYS,H,H,8.933
LYS,HA,H,3.487
LYS,HB2,H,1.989
LYS,HB3,H,1.752
LYS,HG2,H,0.573
LYS,HG3,H,0.573
LYS,HD2,H,1.531
LYS,HD3,H,1.531
LYS,HE2,H,2.843
LYS,HE3,H,2.764
LYS,N,N,125.406
ASP,H,H,8.911
ASP,HA,H,4.552
ASP,HB2,H,2.668
ASP,HB3,H,2.557
ASP,N,N,120.504
TRP,H,H,9.004
TRP,HA,H,4.481
TRP,HB2,H,3.526
TRP,HB3,H,2.894
TRP,HD1,H,7.507
TRP,HE1,H,10.3
TRP,N,N,121.637
TRP,NE1,N,131.43
SER,H,H,9.176
SER,HA,H,4.547
SER,HB2,H,3.815
SER,HB3,H,3.749
SER,N,N,118.259
TYR,H,H,7.972
TYR,HA,H,4.88
TYR,HB2,H,2.604
TYR,HB3,H,2.388
TYR,HD1,H,7.083
TYR,HD2,H,7.083
TYR,HE1,H,6.955
TYR,HE2,H,6.955
TYR,N,N,124.354
SER,H,H,6.882
SER,HA,H,4.526
SER,HB2,H,3.294
SER,HB3,H,3.131
SER,N,N,121.696
GLY,H,H,8.708
GLY,HA2,H,4.062
GLY,HA3,H,3.285
GLY,N,N,107.058
GLN,H,H,7.524
GLN,HA,H,4.105
GLN,HB2,H,1.809
GLN,HB3,H,1.888
GLN,HG2,H,2.226
GLN,HG3,H,2.226
GLN,HE21,H,7.529
GLN,HE22,H,6.85
GLN,N,N,119.789
GLN,NE2,N,112.185
SER,H,H,8.821
SER,HA,H,4.401
SER,HB2,H,3.722
SER,HB3,H,3.76
SER,N,N,119.697
THR,H,H,8.041
THR,HA,H,4.977
THR,HB,H,4.456
THR,HG21,H,1.246
THR,HG22,H,1.246
THR,HG23,H,1.246
THR,N,N,117.913
GLN,HA,H,4.061
GLN,HB2,H,1.988
GLN,HB3,H,1.988
GLN,HG2,H,2.321
GLN,HG3,H,2.321
GLN,HE21,H,7.433
GLN,HE22,H,6.883
GLN,NE2,N,112.66
LEU,H,H,7.889
LEU,HA,H,3.964
LEU,HB2,H,0.634
LEU,HB3,H,0.587
LEU,HG,H,1.143
LEU,HD11,H,0.45
LEU,HD12,H,0.45
LEU,HD13,H,0.45
LEU,HD21,H,0.465
LEU,HD22,H,0.465
LEU,HD23,H,0.465
LEU,N,N,118.409
GLY,H,H,7.115
GLY,HA2,H,4.268
GLY,HA3,H,3.623
GLY,N,N,105.163
ILE,H,H,8.694
ILE,HA,H,4.166
ILE,HB,H,0.637
ILE,HG12,H,1.053
ILE,HG13,H,1.084
ILE,HG21,H,0.402
ILE,HG22,H,0.402
ILE,HG23,H,0.402
ILE,HD11,H,0.577
ILE,HD12,H,0.577
ILE,HD13,H,0.577
ILE,N,N,123.75
GLU,H,H,9.299
GLU,HA,H,3.511
GLU,HB2,H,2.258
GLU,HB3,H,1.677
GLU,HG2,H,1.536
GLU,HG3,H,1.501
GLU,N,N,129.507
PHE,H,H,9.591
PHE,HA,H,4.946
PHE,HB2,H,3.584
PHE,HB3,H,3.177
PHE,HD1,H,7.445
PHE,HD2,H,7.445
PHE,HE1,H,7.311
PHE,HE2,H,7.311
PHE,N,N,133.232
LEU,H,H,7.332
LEU,HA,H,5.189
LEU,HB2,H,1.448
LEU,HB3,H,1.008
LEU,HG,H,0.12
LEU,HD11,H,-0.112
LEU,HD12,H,-0.112
LEU,HD13,H,-0.112
LEU,HD21,H,0.323
LEU,HD22,H,0.323
LEU,HD23,H,0.323
LEU,N,N,115.374
LYS,H,H,9.145
LYS,HA,H,5.431
LYS,HB2,H,1.688
LYS,HB3,H,1.436
LYS,HG2,H,1.218
LYS,HG3,H,1.183
LYS,HD2,H,1.513
LYS,HD3,H,1.441
LYS,HE2,H,2.821
LYS,HE3,H,2.821
LYS,N,N,119.619
ARG,H,H,8.374
ARG,HA,H,4.003
ARG,HB2,H,0.258
ARG,HB3,H,-0.217
ARG,HG2,H,1.054
ARG,HG3,H,0.628
ARG,HD2,H,1.584
ARG,HD3,H,2.219
ARG,N,N,124.763
GLY,H,H,9.154
GLY,HA2,H,3.77
GLY,HA3,H,3.544
GLY,N,N,120.105
ASP,H,H,8.743
ASP,HA,H,4.537
ASP,HB2,H,2.739
ASP,HB3,H,2.644
ASP,N,N,126.301
LYS,H,H,8.023
LYS,HA,H,4.928
LYS,HB2,H,2.069
LYS,HB3,H,1.764
LYS,HG2,H,1.588
LYS,HG3,H,1.551
LYS,HD2,H,1.759
LYS,HD3,H,1.584
LYS,HE2,H,3.053
LYS,HE3,H,2.989
LYS,N,N,120.092
SER,H,H,8.457
SER,HA,H,5.493
SER,HB2,H,3.571
SER,HB3,H,3.283
SER,N,N,117.638
VAL,H,H,9.28
VAL,HA,H,4.842
VAL,HB,H,1.879
VAL,HG11,H,1.245
VAL,HG12,H,1.245
VAL,HG13,H,1.245
VAL,HG21,H,0.709
VAL,HG22,H,0.709
VAL,HG23,H,0.709
VAL,N,N,123.254
TYR,H,H,9.463
TYR,HA,H,5.731
TYR,HB2,H,2.531
TYR,HB3,H,2.25
TYR,HD1,H,6.65
TYR,HD2,H,6.65
TYR,HE1,H,6.826
TYR,HE2,H,6.826
TYR,N,N,127.532
TYR,H,H,9.142
TYR,HA,H,6.157
TYR,HB2,H,2.664
TYR,HB3,H,2.437
TYR,HD1,H,6.536
TYR,HD2,H,6.536
TYR,HE1,H,6.431
TYR,HE2,H,6.431
TYR,N,N,115.018
THR,H,H,9.062
THR,HA,H,4.64
THR,HB,H,4.47
THR,HG21,H,1.065
THR,HG22,H,1.065
THR,HG23,H,1.065
THR,N,N,111.932
SER,H,H,8.387
SER,HA,H,4.492
SER,HB2,H,3.795
SER,HB3,H,3.491
SER,N,N,114.105
ASN,H,H,9.021
ASN,HA,H,4.273
ASN,HB2,H,2.769
ASN,HB3,H,2.712
ASN,HD21,H,7.588
ASN,HD22,H,6.87
ASN,N,N,114.703
ASN,ND2,N,113.584
PRO,HA,H,4.518
PRO,HB2,H,2.108
PRO,HB3,H,1.92
PRO,HG2,H,1.849
PRO,HG3,H,1.475
PRO,HD2,H,3.424
PRO,HD3,H,3.343
THR,H,H,8.788
THR,HA,H,4.636
THR,HB,H,3.625
THR,HG21,H,0.304
THR,HG22,H,0.304
THR,HG23,H,0.304
THR,N,N,119.039
THR,H,H,8.467
THR,HA,H,4.197
THR,HB,H,3.762
THR,HG21,H,0.922
THR,HG22,H,0.922
THR,HG23,H,0.922
THR,N,N,126.845
PHE,H,H,9.038
PHE,HA,H,5.546
PHE,HB2,H,3.235
PHE,HB3,H,2.821
PHE,HD1,H,7.28
PHE,HD2,H,7.28
PHE,HE1,H,6.804
PHE,HE2,H,6.804
PHE,N,N,124.745
HIS,H,H,9.243
HIS,HA,H,5.415
HIS,HB2,H,2.865
HIS,HB3,H,2.683
HIS,HD2,H,6.767
HIS,N,N,117.239
LEU,H,H,9.133
LEU,HA,H,5.011
LEU,HB2,H,1.812
LEU,HB3,H,1.391
LEU,HG,H,1.549
LEU,HD11,H,0.865
LEU,HD12,H,0.865
LEU,HD13,H,0.865
LEU,HD21,H,0.974
LEU,HD22,H,0.974
LEU,HD23,H,0.974
LEU,N,N,122.853
ASP,H,H,10.129
ASP,HA,H,4.403
ASP,HB2,H,3.008
ASP,HB3,H,2.689
ASP,N,N,128.414
GLY,H,H,9.163
GLY,HA2,H,4.124
GLY,HA3,H,3.511
GLY,N,N,104.237
GLU,H,H,7.854
GLU,HA,H,4.689
GLU,HB2,H,2.074
GLU,HB3,H,1.873
GLU,HG2,H,2.182
GLU,HG3,H,2.282
GLU,N,N,120.425
VAL,H,H,8.518
VAL,HA,H,4.263
VAL,HB,H,1.814
VAL,HG11,H,0.875
VAL,HG12,H,0.875
VAL,HG13,H,0.875
VAL,HG21,H,0.799
VAL,HG22,H,0.799
VAL,HG23,H,0.799
VAL,N,N,123.921
ILE,H,H,8.477
ILE,HA,H,4.865
ILE,HB,H,1.712
ILE,HG12,H,1.477
ILE,HG13,H,1.167
ILE,HG21,H,0.823
ILE,HG22,H,0.823
ILE,HG23,H,0.823
ILE,HD11,H,0.667
ILE,HD12,H,0.667
ILE,HD13,H,0.667
ILE,N,N,126.845
THR,H,H,8.641
THR,HA,H,4.248
THR,HB,H,4.66
THR,HG21,H,1.01
THR,HG22,H,1.01
THR,HG23,H,1.01
THR,N,N,116.432
PHE,H,H,9.317
PHE,HA,H,4.149
PHE,HB2,H,3.438
PHE,HB3,H,3.023
PHE,HD1,H,6.984
PHE,HD2,H,6.984
PHE,HE1,H,6.562
PHE,HE2,H,6.562
PHE,HZ,H,6.747
PHE,N,N,122.16
ASP,H,H,8.515
ASP,HA,H,3.86
ASP,HB2,H,2.337
ASP,HB3,H,2.41
ASP,N,N,115.714
ASN,H,H,7.618
ASN,HA,H,4.405
ASN,HB2,H,2.822
ASN,HB3,H,2.597
ASN,HD21,H,7.867
ASN,HD22,H,7.002
ASN,N,N,117.743
ASN,ND2,N,112.815
LEU,H,H,8.685
LEU,HA,H,3.67
LEU,HB2,H,1.668
LEU,HB3,H,0.964
LEU,HG,H,0.925
LEU,HD11,H,-0.075
LEU,HD12,H,-0.075
LEU,HD13,H,-0.075
LEU,HD21,H,0.481
LEU,HD22,H,0.481
LEU,HD23,H,0.481
LEU,N,N,124.56
LYS,H,H,7.611
LYS,HA,H,3.298
LYS,HB2,H,1.414
LYS,HB3,H,1.379
LYS,HG2,H,0.552
LYS,HG3,H,0.552
LYS,HD2,H,0.894
LYS,HD3,H,0.957
LYS,HE2,H,1.659
LYS,HE3,H,2.102
LYS,N,N,116.047
THR,H,H,7.443
THR,HA,H,3.805
THR,HB,H,4.086
THR,HG21,H,1.117
THR,HG22,H,1.117
THR,HG23,H,1.117
THR,N,N,114.97
LEU,H,H,7.87
LEU,HA,H,4.036
LEU,HB2,H,1.652
LEU,HB3,H,1.561
LEU,HG,H,1.546
LEU,HD11,H,0.659
LEU,HD12,H,0.659
LEU,HD13,H,0.659
LEU,HD21,H,0.809
LEU,HD22,H,0.809
LEU,HD23,H,0.809
LEU,N,N,124.595
LEU,H,H,7.693
LEU,HA,H,3.988
LEU,HB2,H,1.443
LEU,HB3,H,1.368
LEU,HG,H,1.346
LEU,HD11,H,0.099
LEU,HD12,H,0.099
LEU,HD13,H,0.099
LEU,HD21,H,-0.733
LEU,HD22,H,-0.733
LEU,HD23,H,-0.733
LEU,N,N,116.975
SER,H,H,7.36
SER,HA,H,4.02
SER,HB2,H,3.949
SER,HB3,H,3.917
SER,N,N,117.231
